,Volatility_Time,Volatility_Time.1,Volatility_Time.2,Volatility_Time.3,Volatility_Time.4,Volatility_Time.5,Volatility_Time.6
0,-10.693120506258964,-11.36320323527611,-8.00899717005473,-8.879723075052674,-8.632550052348684,-13.442624775738322,-15.936020296283562
1,-6.4019642066085805,-9.302516476911421,-8.770238844819836,-6.631394502576061,-12.605758720051371,-6.569933450743699,-5.910540256798454
2,-5.576371658381607,-9.957641764539643,-8.57255939900338,-6.537095695554641,-7.590697625259,-6.701340554717306,-5.685222680647135
3,-4.135741065406948,-4.412998093405643,-4.061066402211591,-4.37721300708428,-5.1703500667355105,-4.411829409094026,-4.057511084013937
4,-6.072818808662135,-7.058427537383014,-5.762169962484447,-6.163108172984014,-7.550056464347468,-6.390191974403752,-6.565819162007733
5,-6.107508740478135,-6.6268425773659265,-6.244293018786614,-6.098464686038269,-6.799242828448507,-5.724198906948874,-5.722042478973171
6,-5.316141988507956,-8.019568181998322,-15.52894621840979,-6.35128297645543,-7.671765834332051,-6.286027167151687,-5.8981609297342725
7,-6.647667198662136,-7.894113013902549,-9.467060187455457,-8.201361322246967,-8.759533706660799,-6.949508180806915,-7.804604193360488
8,-10.078324957456896,-8.772850377509837,-19.600490777043436,-9.300693730623358,-9.173697687163948,-9.136390244639575,-9.63371335075658
9,-11.213003800559905,-9.816143083044288,-13.945489587148057,-11.958365721644501,-8.373422902842979,-10.33901297177374,-11.08374864258896
10,-8.203244863641777,-8.161366046250826,-13.508834465969478,-9.55658633358472,-9.670354671237941,-9.399890321930934,-6.842872519225847
11,-7.08048637651659,-8.060911454319331,-13.925290540143008,-9.172705261752185,-11.501035343984427,-13.964800653220253,-9.53783817475261
12,-9.770347700451275,-8.211918393178893,-12.076039128094319,-8.130092818021309,-9.262548762419009,-9.490080247312296,-9.768159883045287
13,-17.578466011430272,-11.23982146451905,-8.681498777817652,-10.343505992946632,-10.054262375303884,-8.068435286939257,-8.23555765489056
14,-8.008699719385538,-8.94460898373464,-6.833888882265836,-7.760210152871984,-8.82326704050764,-8.172201066067858,-7.628624781155021
15,-8.414219655866372,-13.907603369193316,-9.183260174223129,-10.279821674932478,-11.27034258369673,-9.964480005894705,-7.184744922922757
16,-6.990014917958945,-6.848033507553374,-9.453468834007529,-7.1385971144592535,-8.41794556799649,-7.19959232651803,-7.079688490558933
17,-12.41412557593264,-9.261275029951433,-9.642164225262546,-13.12591699773645,-18.619871421513803,-9.127263029935532,-12.359238614343601
18,-6.334895401155033,-9.371241399279597,-8.316063714633081,-8.069708229440788,-10.517495924082546,-6.988262082851744,-5.9107601710886195
19,-11.056462432150242,-11.324740294885991,-12.423399846638713,-9.59443378614186,-10.27860416997437,-8.420938863735753,-14.08700094727861
20,-3.053917944080465,-5.125181972789291,-5.270425574402399,-4.674410459877687,-6.131719165143548,-4.248809051818488,-3.7641659016246134
21,-5.190035606248906,-6.136094640197068,-7.005617497099959,-6.17124837570274,-8.184106873468656,-6.11593613172106,-5.549995587217198
22,-5.539563122651442,-8.643692876185403,-8.003197819367093,-6.450819549337704,-6.729800965351484,-6.252067235579448,-5.436885637879412
23,-6.430906202107073,-6.798044084862954,-6.838520883395311,-7.827545183972344,-10.074254817988429,-7.8383653453799305,-10.102971264079423
24,-9.31233418971456,-13.951188762387684,-8.76442159922078,-7.828851438820773,-8.642014163209213,-7.842487414315938,-9.742671136330253
25,-7.074354596776982,-6.88524120076138,-8.189484768778748,-8.863079202540513,-9.493672542171042,-8.474396990034519,-7.200342412497602
26,-5.557223933004545,-7.2755368479379685,-9.012349575106054,-7.419498084694143,-11.554016663993874,-9.750480045089054,-6.474946403091849
27,-7.203744093309918,-7.805278827205731,-8.350942185337969,-10.242309484468466,-10.08242084037123,-6.5437402217172735,-7.705176039863303
28,-8.546399075346914,-8.848375604905899,-9.710845145958665,-14.394468386997476,-12.283652990630012,-8.022268518752188,-13.246574464446791
29,-21.052802042553463,-9.114664444216142,-8.973887930428422,-8.480626902160665,-9.267307138646977,-7.826913347357004,-9.596340047196115
30,-9.806376055083225,-9.729277958386879,-11.339184722930487,-10.207657950033198,-9.070747324684078,-8.614685458025267,-10.001770134313135
31,-10.226403200736533,-14.00530402388521,-7.383875999296456,-8.374199799871725,-10.24542710176646,-7.261631469256698,-8.068399974831037
32,-6.52040382910184,-8.255696271236515,-6.124832727001427,-7.009225312300476,-7.678886063595044,-7.023564170497884,-7.62044059580639
33,-19.457959877202132,-7.965553933282739,-6.896336321822277,-7.517289131122201,-11.626784376654822,-12.771753590480415,-10.709705432275486
34,-8.408727960873799,-14.746302076076473,-9.067918053144815,-13.122911078260156,-22.203989662417523,-9.550368066997816,-9.619617970585763
35,-6.870667692368874,-7.738977184501816,-7.394247648835879,-6.916335063130821,-8.345844468284563,-7.39783767903418,-6.8671670086774865
36,-8.298018833734698,-7.378157805089327,-7.853333969991844,-12.725198435573725,-8.84827347157178,-10.619552691836422,-7.596319307066392
37,-5.743218636410207,-7.765382693758426,-7.044004832049985,-6.6277735499348935,-7.674054080364524,-8.318059577893669,-6.333593981877526
38,-6.519470762337172,-9.040308036389757,-7.229079912298435,-6.507855704910855,-8.489174339314406,-7.302386283426366,-7.141286982202099
39,-13.392299888387349,-12.716938011382576,-11.408058735727982,-8.026996263754535,-9.990630290934924,-7.49062885097252,-9.547699320706059
40,-7.261631701774964,-8.100952679819363,-6.583188431837029,-7.204924253875579,-8.253641208635893,-6.27109325809103,-6.694044496240413
41,-6.8369840476938375,-12.101273191396906,-11.47937240145781,-6.840582677991265,-11.755574949900545,-9.522314405018722,-8.99437811804081
42,-9.269225682975732,-8.067175890528748,-15.480564929076891,-12.11953527363155,-9.397472160875147,-16.164683089363855,-13.802477286924866
43,-6.018395687707492,-9.374635330935577,-8.343500957536545,-6.8700351636432275,-7.693186552040774,-6.181100256812575,-8.406677774173078
44,-7.930687373775535,-11.777755736268276,-9.342004085353729,-8.831949004925661,-8.255472401192995,-8.126413195497504,-8.662988107267653
45,-8.302484664046943,-10.949126109742567,-10.485424905181002,-9.56336454798865,-7.942995642467221,-7.993907648742911,-8.890589256756801
46,-7.001967481249483,-8.793668758573554,-9.62163916965975,-7.279829627496844,-10.071825505461266,-10.076625986961513,-7.830330541847111
47,-9.73310890904796,-11.319431894417937,-8.933083054723765,-10.156616667920778,-12.780253079450738,-7.510379195644732,-9.458520529104753
48,-10.95877377209679,-10.629982147631285,-9.934754413182489,-10.001500630376206,-8.653646325044093,-11.45517320534756,-7.892879365817394
49,-7.835521011586956,-7.054189772156743,-9.51295826973041,-8.719781660192472,-8.968244964170538,-9.365939470427989,-8.914914946518568
50,-9.681219586762515,-16.163461410419718,-9.030163384021552,-10.114448026709233,-11.243650551556883,-7.419811326230011,-9.367052568250964
51,-10.129922748646441,-9.685308583162922,-10.637127158060725,-12.7760487109215,-10.375131107473628,-8.179164311527815,-13.590350812226353
52,-7.533856344629425,-9.155394788712917,-7.256485218293285,-7.207803920976509,-6.9043547159301735,-6.866667537088665,-9.017216901183149
53,-7.446800758414022,-7.1733973537234705,-6.741398718190379,-6.978972621706759,-8.104045080771266,-6.946967612181607,-7.770219238044718
54,-14.969939906757215,-11.540936730669227,-9.360251097732743,-15.248177206855985,-7.899194273095989,-12.640802751207135,-11.531357678304168
55,-8.669453292496978,-15.792828846199674,-7.496595758417281,-7.696608404801403,-10.180851402548315,-7.3354884817612644,-7.1873317071473055
56,-7.746857662929553,-8.671665333235016,-7.800160483529345,-8.199904675049016,-7.758651450638228,-8.132860944921813,-11.911484425725437
57,-9.73070042304359,-9.958556961524684,-7.660397156152394,-10.389287539066972,-9.822666063034593,-9.714127549413776,-7.8797526095210175
58,-8.842468094752324,-9.734193252571389,-13.1873365964402,-9.490918499962163,-12.439127957090497,-7.578708713331537,-7.752457676546187
59,-15.55845993398074,-12.17603322693502,-11.499704244808708,-9.140749758607315,-12.901357940942685,-14.92937667467939,-10.023363680224298
60,-5.879547987375628,-8.765929017797658,-8.256662527949528,-9.058138340586362,-7.477945081158245,-7.865451531914033,-6.482791750904616
61,-7.037416926793717,-8.242175763598791,-8.900345482118075,-7.6905269146821285,-7.92877227522057,-7.138789811567073,-7.253192338927796
62,-12.958902056515031,-12.803627836040327,-8.767289669324708,-8.625547027902954,-19.389992581980827,-10.330087918287001,-12.508243049985172
63,-14.33836240845961,-9.907934742399776,-6.883467262981248,-7.454601025955004,-7.503777951775027,-8.387337461442087,-11.285945342524316
64,-11.855963867333003,-13.815553731146263,-14.267526259358045,-13.37631229990572,-11.736313691276212,-9.954585758236703,-9.775192958131933
65,-13.804546360077996,-8.767897495745627,-9.368105832734889,-7.854285901750661,-10.857529342545147,-9.947728562243169,-13.84837001097744
66,-12.7758185055409,-9.08076152739952,-8.738765232414167,-10.421051587173013,-8.906548689373405,-7.927570075605724,-11.327337333384977
67,-10.736076065968994,-9.015627013594269,-13.046821467898267,-11.156765601317979,-9.597293846487828,-11.616704167028171,-11.66924517142304
68,-7.747656296101103,-10.190224545211418,-12.111443036357183,-9.118851003805187,-9.134489833808821,-9.173416093390351,-8.204278129389737
69,-5.893887850093542,-14.043496453641062,-9.687351388643695,-12.815575936329454,-11.51049450343005,-9.701757036791854,-10.553479289043963
70,-6.148400681450477,-7.871175272149227,-7.607495314228565,-8.119980363434998,-10.976733100919414,-7.978480514106198,-7.825653526311399
71,-11.152362654088385,-11.246284643828496,-7.531841444672892,-9.727616914581398,-12.774605154498834,-7.303557306435602,-7.021251174977756
72,-10.327082829270207,-9.032422330513546,-7.163985886207526,-7.559424378299873,-9.255544213557057,-7.032100893654107,-11.53616918539244
73,-9.81140299146709,-9.856230330262688,-8.999033601071131,-8.962826237242652,-8.411905329420474,-9.505425892822588,-9.034642884788026
74,-8.599838759585042,-11.960426011177429,-12.906179299273486,-11.618859075008352,-8.927907197458744,-11.399766008200313,-10.474263080337785
75,-8.472053007580707,-10.474569067107446,-9.766185835691422,-8.629823982458245,-12.343479449983299,-8.884502696651555,-7.384449501295193
76,-8.8373678424825,-9.175918704768131,-9.70117266384397,-10.637675648704876,-9.517796843525677,-8.138659292830205,-8.773188187977189
77,-6.530407558706271,-7.623171615464298,-7.777399836515493,-7.405629554645046,-8.44448291443666,-7.042832748737624,-6.583535630331874
78,-7.525998994414786,-16.699554133576015,-10.397789954033497,-8.341153416593682,-12.38411738251334,-7.3749227935276975,-6.978255673611849
79,-6.305692283244542,-9.144104178956212,-6.751327936455515,-5.9713534025696955,-8.236155992046605,-6.654835534796343,-6.236812747673585
80,-11.489183161609974,-8.515230329260643,-7.87643010550903,-6.982105026960888,-10.609129043077981,-6.752470431152196,-11.951758951152678
81,-8.795888360129208,-8.929525828112373,-7.883721445678959,-9.193387397039771,-7.6183995556337365,-7.31444060891631,-8.45082989540001
82,-8.108952595778845,-8.86341468817267,-8.318688105473601,-7.669081213588933,-11.233530644696584,-8.666041572974585,-9.195169233418465
83,-11.558865404874865,-10.341562016045637,-13.644740451225715,-10.706455666873238,-12.888606196589288,-9.838633164558074,-16.141135103855216
84,-9.44973756250831,-10.88134229028843,-17.409763912957327,-12.22961464449326,-14.374801385294871,-12.814151713173999,-11.226275223126065
85,-7.2642799039316,-9.174233753313244,-7.692882104482377,-9.498138638059931,-8.121602002442922,-7.52599810721063,-6.423264392675095
86,-8.421596816309696,-8.777057927582602,-8.13781250529245,-9.464128286833827,-8.46769700881099,-7.620186436225285,-7.440256755467552
87,-7.644841233639346,-7.5694556058932205,-8.130746688430014,-8.462457051010768,-8.834458689875255,-7.756657526746757,-8.35106875738811
88,-11.242770162377203,-15.516826566422056,-12.584125389218027,-12.588163558667032,-9.313317946869288,-16.452147680285552,-9.54117572165752
89,-8.285976166136901,-11.076430133834656,-9.268085281612159,-8.315238152233547,-11.041959667492044,-10.65110090221815,-7.640800645281095
90,-8.556595036298486,-10.616568451977203,-10.210430162632381,-10.297777791048404,-8.06340599182779,-13.58719606557336,-15.289352544987892
91,-11.598434505527276,-11.689822893922065,-20.199102288503333,-9.75956696637021,-12.271541880031634,-16.232943181255987,-10.965403291427153
92,-8.835139732327114,-10.543154005335687,-11.60692778729224,-18.834932812136273,-9.896723708930804,-9.427978262976803,-12.766736730144702
93,-7.7276894896586334,-7.692425674690949,-8.634731440405892,-8.892730454880557,-11.23256136360173,-9.460849833768316,-8.349733794288333
94,-11.778967932256732,-11.281733757783503,-9.019790143971335,-12.2928293078934,-10.256612312694626,-12.363698506070886,-12.034595982715482
95,-12.951802279592007,-12.172372295338274,-7.668973795442696,-14.748170887418514,-9.097127676520659,-5.17841291927083,-8.120820822773359
96,-9.346491732344715,-10.810601460970659,-9.738181378625189,-9.366844322457444,-9.676891181973058,-6.86043398195192,-9.718092635246089
97,-9.986563949013684,-7.826648294587168,-9.880520354129896,-11.141216459744555,-9.400058832250851,-7.459899356015587,-18.273556806100295
98,-7.522321181506844,-8.852516823315396,-7.824494242568108,-8.168251256636482,-7.125747271455885,-7.444854749051551,-7.1543945304307
99,-10.1314166578653,-7.765704492049259,-9.643221579351218,-10.242911500029678,-11.123634242657419,-10.817607086929145,-6.7213810385331225
100,-9.375805652052106,-8.771165803335755,-19.5878006435046,-11.43677189458207,-11.119031921794871,-9.910913848009926,-6.842713544626443
101,-6.757030713168683,-10.095425443735596,-9.83124662236517,-11.40087336757589,-10.146094456966743,-7.763516264127507,-6.564633270889718
102,-8.767193388832647,-11.154611441032998,-12.821306963170432,-12.166041842685415,-11.760494263935877,-11.483559567368525,-7.828979112119585
103,-9.815775835761817,-10.082449906492316,-8.977884585027331,-11.197562991827558,-11.519099067694205,-11.524757556143289,-8.94724057650932
104,-8.01816785748284,-8.199838831927236,-7.741247292354378,-7.922682288949766,-8.220428718349533,-7.548717961609617,-7.2212289677012995
105,-13.982710944601479,-13.7029910416173,-9.714739749341838,-12.600261563300563,-13.278420128469227,-11.694762648915773,-7.999033568297928
106,-9.558780213366175,-11.819701491105322,-10.557907517039897,-10.653423015089846,-9.615751127049107,-14.639928635103079,-12.037360072489573
107,-8.973173348416482,-9.268504337368482,-10.501040585749152,-10.656578064812434,-8.725922531027665,-13.517663267230011,-9.525141193896816
108,-10.28206670256007,-9.863809622161709,-8.897588395104533,-7.884422643769199,-8.544502384386117,-8.575954761860054,-8.048447923999964
109,-8.40134308744485,-9.575852676241023,-7.752345285689964,-8.222697336486588,-8.680012730451258,-8.433676212324253,-7.78535645884927
110,-15.03055520275341,-14.739673721505424,-11.385927159919229,-11.339732899646837,-12.751272100658412,-8.724846387386217,-11.265324619841198
111,-7.944663119255758,-8.031690691292724,-12.74183063547113,-7.629073385403652,-10.081406509559011,-8.270551778359033,-8.30468950151697
112,-7.639403860553178,-10.776405974169215,-7.630392540740035,-8.57253869329073,-7.636893332916427,-6.762934084304374,-9.099970464605217
113,-8.45090839176265,-8.046726540161156,-8.336139735952429,-16.708222266000085,-11.080601007875892,-9.083033632403405,-7.770786692823911
114,-7.803357932850887,-10.769540774142907,-8.516331941431055,-8.194844830788323,-9.607044683192367,-7.795136409220883,-7.493714816355171
115,-13.47409871044798,-8.357736476734996,-10.463981226888508,-10.860256772224005,-9.609845701070093,-14.293106459455897,-10.364854007779321
116,-7.466945125523073,-14.278198353816922,-11.58392218432966,-9.127641651574288,-8.170648899825341,-9.212538985957028,-10.166377966923445
117,-7.737567039287349,-10.588032284001738,-7.7695564969372946,-8.32320701383278,-9.709740431536542,-8.592609366593658,-13.441854917295501
118,-10.689245964718587,-11.470313993474031,-8.894435140110813,-7.714177154417748,-12.212680621615657,-9.346136603105792,-8.503232364859983
119,-7.783406891347992,-9.441500146726154,-8.09198934091786,-8.191155889498166,-9.034677265989313,-9.804684083390582,-8.055961922674234
120,-9.23398100682014,-8.264885374469149,-12.612219224489843,-10.08336366324263,-8.967247804658365,-9.883930384613073,-10.494242230814889
121,-10.513268397094699,-19.85669846624107,-15.308915800111171,-9.436909530765215,-8.408123420212732,-10.928753480853416,-13.67084265060957
122,-8.280079208213566,-7.933863187564043,-8.66215821521388,-9.307931311408923,-12.507737715100433,-8.459154214279547,-8.575929017577614
123,-12.025319294721541,-13.606590331779325,-12.751154723661408,-7.864859554141587,-7.952676835130846,-10.52340980098321,-10.51406881876071
124,-9.354295884777493,-9.31063358830329,-8.048406275348341,-9.06575065528757,-9.864210320886865,-7.588710787128704,-9.769215979461723
125,-9.642163218228845,-10.228407603882571,-9.46684834459488,-7.856012807373425,-7.540123378333537,-10.002964345930884,-10.063806689385896
126,-8.01525735318127,-9.0682681143145,-9.298836395330754,-8.450866369433715,-7.515001699963095,-9.64579947100827,-10.154573189216066
127,-10.355296819154944,-12.608369029008715,-11.970410701149087,-9.940513218263098,-12.091947204341114,-10.25446739809832,-20.416719552351683
128,-7.522508819898338,-10.030307326369496,-7.205480676936064,-6.929055862964721,-7.627897673504079,-6.928617230088415,-7.0530324272715355
129,-5.810721810668756,-11.755461015743059,-9.369195032958872,-12.024941901930353,-18.420964528434144,-9.638901394049144,-9.790927459027507
130,-7.483973081939683,-9.400680852490403,-9.980249704810825,-8.409327351171504,-11.534170177300798,-9.561715983826701,-9.241337242843871
131,-8.768155143951658,-11.612752380951477,-10.09746180361375,-8.351037174109884,-8.721575547092394,-11.54160273617403,-8.094607587348667
132,-9.33886655049303,-9.08696564890814,-8.311776357742254,-9.072706246674523,-9.889956155422222,-11.129714177311135,-9.265360420522844
133,-9.039358349121606,-11.499034046047047,-7.383282685203883,-7.727945800867722,-11.305853549486534,-8.155791325031947,-8.760214000622675
134,-11.384043829498925,-9.30531246233089,-9.828593745116228,-10.71820318437748,-9.653014929742524,-10.84443106856013,-12.915438411506006
135,-8.979017427594084,-11.475656248041771,-11.574308891483735,-14.442473805996704,-10.526630954238637,-9.253856988454057,-9.003544395874073
136,-8.567369483914858,-11.89446274590668,-8.032355509995018,-8.47086974962714,-11.274215803162067,-13.441670483792974,-10.760518625877229
137,-9.34729816162939,-8.44664103026486,-9.420399142100367,-9.942595685985644,-10.500197616030812,-12.152483114785129,-8.813289705646218
138,-8.522123873450237,-7.71981137548194,-9.142950942328696,-10.15623159212569,-10.21251311455482,-8.520205355596518,-11.377761959947314
139,-10.563312556602808,-9.87371151534471,-8.410481756048805,-9.775680678382043,-9.096591603718652,-7.938189971139692,-13.307291306117609
140,-9.757748900023469,-9.06512711537979,-8.615664750444896,-7.902613416515275,-6.588687657442696,-6.568183038600864,-8.484956586106602
141,-8.984179814352123,-10.24830913246861,-9.759667548653555,-17.933794310099913,-9.126383864108506,-10.226901666901464,-8.909544611382827
142,-8.222561139840193,-12.018380566012468,-9.712771031896223,-14.836223591178536,-15.06259451183875,-11.430176689689885,-7.558208849864253
143,-7.991612768494785,-8.44058068698924,-9.167670966871304,-8.041995072760843,-8.705974810673148,-10.257711368873391,-8.290327706252516
144,-10.220948496823311,-8.948020623569679,-9.449213486764949,-12.090886793471393,-11.262468762203337,-8.874285371315823,-11.165887045350955
145,-8.555273688639097,-10.094449977082686,-8.61304635784273,-9.294597499680304,-10.507433780859902,-9.169697891363757,-8.262116766965201
146,-7.7531386020787,-10.413654209158048,-8.682373088028152,-9.450127122879696,-10.071981871215005,-8.666043680324796,-7.462215815567473
147,-6.99268081765932,-7.329078445395849,-9.726549656703817,-9.016491869402843,-10.056766549316272,-8.595148658699163,-7.690399968302379
148,-7.351042689757047,-7.290536086139335,-7.112550663161172,-7.685952746213848,-8.397550733192768,-7.459481574702973,-6.587438868838796
149,-9.213170474907555,-9.997850453895992,-10.307336202314655,-10.600948718353376,-9.998413261183316,-8.397166202976337,-13.418083235389975
150,-8.555959804255455,-8.718974474019506,-11.193914358423942,-9.795173261196483,-9.290243966732412,-14.050090392725656,-9.084406982125982
151,-8.33457132735772,-10.013224010788859,-10.352913626898063,-11.640961016725939,-8.26591817238685,-6.930299955747299,-12.098455440670701
152,-7.003960782736216,-7.104802735084997,-7.11706853012336,-6.722907811221983,-6.10291656670442,-6.998598669007351,-7.1217860716520525
153,-8.153940283817501,-7.8193006602900335,-7.958827882034352,-7.583860930336521,-6.270493822265308,-7.908082943342472,-7.7034999517763865
154,-9.121918157541907,-10.64479505795506,-8.319254870445151,-9.169061573475416,-8.28648677899664,-8.023557802972572,-10.939174628517428
155,-10.069190265206606,-9.102526358749461,-11.243252021222991,-9.849330563086445,-10.347617963713606,-12.86361880770139,-11.965030882698011
156,-6.385094798591187,-9.736890758843442,-9.933172281831432,-9.309540593141158,-7.511853709977847,-7.566912047351894,-7.631526215137069
157,-6.392801834430759,-10.994586361766133,-8.428295604131094,-8.1171867453219,-9.013203966691822,-8.449986053103096,-8.04492886862443
158,-7.542923531278051,-8.087023664799593,-4.818083973846027,-4.642445190066101,-11.3257508216966,-5.300244671035667,-9.486012744645363
159,-13.830892857538187,-9.823275231563438,-7.17780564711962,-6.602709943389183,-11.894299336235228,-6.792538411067024,-12.19791457306819
160,-7.949821696543869,-8.740424920145474,-6.467413278621341,-6.908387312331101,-8.59131037691974,-6.640348437396754,-7.6569589985819295
161,-9.236838789553437,-15.869886970617268,-8.548972364480244,-8.066438582021588,-11.353238177891505,-7.4581884768811895,-9.00287248164041
162,-9.655353098291728,-7.162694597759197,-7.087363556046854,-7.6614389557354725,-9.59842872416185,-9.359834701379718,-6.8125412256123346
163,-8.204116575871465,-10.643286012366026,-7.0999106307706255,-7.485641828278123,-8.827978573878982,-6.833803756886675,-8.241477976615107
164,-7.375039340382508,-8.194087299831985,-11.855318617072662,-8.439799951196012,-7.624273844423445,-12.83261272508105,-8.443953009797138
165,-8.498403643784359,-9.219528994171121,-9.539913597159009,-7.68169451496574,-12.201145874474305,-8.91407354078878,-8.071000319517191
166,-11.262388206841209,-12.720697651985242,-10.088372021502238,-13.624031915420133,-11.303390998694631,-10.655182840367013,-7.026815945444149
167,-7.529347377597972,-8.173198721356446,-8.078767238703927,-7.340931795955365,-8.05356990369365,-8.526194975200992,-6.971489437314489
168,-7.996566384052724,-7.962314146100959,-7.508050685067071,-7.074600747710697,-7.144893855083021,-7.3084678811958605,-9.040547599133278
169,-8.451063614246953,-9.625921764922943,-9.827885501594581,-9.057080186331437,-12.040591225640531,-9.375137693697605,-9.615620196710752
170,-8.002982652723741,-7.89636953815141,-7.429901807025236,-8.121385898263235,-10.231898363248824,-7.630701520546237,-7.275340893570423
171,-10.116513442021114,-9.697652623831198,-7.615780424237323,-9.315096458042152,-10.830657191544212,-7.869055707013738,-9.276143875029822
172,-6.3912839978015175,-6.826373724976072,-5.301630512011765,-5.367240661313589,-6.448291886397939,-5.062829146391034,-6.570242902726383
173,-7.035578794618893,-9.263124406338061,-6.534630560659898,-6.246651194320521,-8.463574574910535,-7.75717475376498,-7.045339790718505
174,-7.302042495848393,-6.675515389191574,-6.586584047148615,-7.258468732257917,-6.998590785942542,-5.899788586432532,-7.396412641840774
175,-7.266819266560444,-7.200802793513124,-7.775997734826191,-7.688960543559123,-7.8570797936005095,-6.814081519065762,-8.958242886283239
176,-7.072410883884089,-7.529875422825704,-6.690443567225305,-7.1662614319322255,-8.11845610406406,-9.037141004145571,-8.801055541089227
177,-15.033367445987006,-10.805583692932768,-7.963963806783529,-8.503172577569062,-9.399727775801011,-12.10985023393102,-13.026322545583689
178,-9.331092915921225,-13.19161537514836,-11.117743179807677,-10.840153117502862,-8.528255397344617,-13.179731307332279,-10.794343524224246
179,-11.87478455361249,-8.804698668327735,-8.243132276979981,-8.70697041265144,-9.60578081740885,-8.052535844907194,-12.045049898908326
180,-14.433574431756616,-13.919528636338947,-8.81381368782012,-12.585032532323641,-13.034204614302784,-9.790299384157438,-12.73127960156895
181,-7.818132451647578,-15.777987889977668,-8.768719432744664,-16.349054279603422,-10.829241508694283,-9.637352749030168,-7.913430021667994
182,-8.451782594606334,-12.039191645358732,-8.827662100793566,-9.538874315388515,-9.490120735374434,-9.90852397869793,-9.090968293709693
183,-7.357164010700836,-7.703636490933846,-8.758875831415232,-9.072159470760841,-9.7551502963465,-9.311277778716535,-7.213768602245757
184,-13.859765259702213,-10.872050258860417,-9.481978980491295,-8.786948937085311,-9.257155206498254,-8.120260278572612,-10.167569680518223
185,-10.058943296282155,-8.944345116461633,-10.99846588338763,-9.985141547771,-8.840362774431458,-9.205324217875502,-11.925425221851722
186,-9.817116380633538,-12.587781002909207,-12.73124603759116,-11.803994153187764,-9.448856407239365,-10.181940834029518,-9.735240499624341
187,-9.323130699913394,-10.412002098132907,-10.346877572907035,-10.052497883797123,-8.267336147433223,-8.738999996305031,-7.753972563367077
188,-11.96164875259151,-14.253529722079831,-11.604130836796267,-10.098186400093962,-9.166711438798444,-12.099996746006036,-8.664104944862698
189,-8.002386247753297,-12.860255600614005,-9.27556372830119,-9.831670425616984,-13.82524535387991,-8.96898242652837,-8.251191147353053
190,-8.230088216629202,-11.047586825379838,-9.277595387514666,-8.305381033314788,-7.632730274464887,-8.556824622885685,-9.001920292328371
191,-13.965815325716168,-10.09639971844175,-8.741432648438886,-7.7377251443810655,-9.163204990198619,-10.04627327098797,-10.704659395967681
192,-11.229706962160694,-8.92009399439397,-7.670859987678008,-6.714209630918074,-8.922615041802413,-7.445708871472533,-10.28055444438543
193,-6.87125369732658,-7.452627379845745,-6.6807745865799735,-5.8622505981664785,-7.221204678421346,-8.023025989199065,-6.5681564878453145
194,-9.44168601526022,-10.499369591334869,-7.869924072962984,-9.820278738134283,-9.555970996353222,-8.396663100958737,-10.850355732459045
195,-7.02183980503655,-10.212307357165292,-12.680980065092022,-12.143378692742147,-8.055596756554086,-8.651902382703282,-7.843857157433506
196,-6.628711568971797,-8.022487385815426,-5.095385523482646,-5.242641923268562,-7.385506824126674,-5.896776002290681,-6.814452653378137
197,-6.194992096070764,-8.564265637737956,-8.573348236875907,-7.157633522213731,-10.7090614820039,-7.184087385257559,-7.259962918549138
198,-6.872805708271043,-8.86393486639938,-7.668261179018841,-7.06263485324343,-8.76757181825402,-7.785404550334226,-7.178192883709394
199,-8.085638028968315,-7.751991103247702,-6.238045770977048,-6.345063468798923,-7.242797009250704,-7.056374581179181,-9.356815826272973
200,-10.643374496025185,-14.582253452268672,-7.860035541627688,-8.549437483583677,-11.578834172095819,-8.44944541870704,-8.687389108224176
201,-10.289013055018488,-13.56907413506224,-12.576798571384067,-10.605375201097086,-7.605308433548758,-11.777192385044241,-8.640667285058866
202,-11.247021050631432,-10.641858036688463,-9.15912215254985,-9.67079836858536,-14.030802434929484,-8.928309937012651,-7.682923192127332
203,-9.01237479615088,-9.155986518940102,-12.958900281063663,-10.036900721797334,-8.9897176692881,-14.116413504270671,-11.099084104971388
204,-9.238358086202886,-10.169227210878116,-9.709422869878752,-9.146315162456544,-8.65482687696491,-10.011290840365586,-9.056830569640121
205,-9.219201018770912,-8.701213403992126,-8.51435973925177,-8.56817980664945,-9.398842493454172,-8.722384375862381,-8.241461661522598
206,-10.737447312708916,-9.070635156534607,-10.997680655954522,-10.64462420934468,-11.737519416982792,-11.307375104953506,-11.148497959364525
207,-9.479136294162476,-11.20327124189143,-12.7243194124071,-10.712731474185029,-14.956731270925173,-9.028462327715925,-10.097766899313244
208,-9.421500039741863,-11.043986196791543,-11.4740243543299,-11.461879185902113,-8.441280604629496,-14.63570762896969,-10.615163631589102
209,-11.66447982539233,-10.456242591864875,-10.830866896404418,-10.320323095576699,-10.421630303870709,-8.441075672044287,-10.868143926205702
210,-6.940305020519733,-8.030807935314192,-8.242038354090754,-11.19880761124578,-8.673027833368913,-8.069413290105471,-7.302324355253483
211,-17.504064758240126,-10.70685847135796,-14.476083991535454,-8.815552097276608,-10.390920552852874,-8.767562315875372,-13.45106452315343
212,-9.255631327605137,-9.32065795383226,-9.38621341739958,-13.009353551050205,-9.36342125961944,-7.6933243060867085,-8.805894409895956
213,-9.88903907477591,-7.7974332142129175,-7.22110813663587,-7.278960312421614,-7.5321848721695055,-9.799033170096608,-9.308139167723393
214,-7.775546682101153,-11.507839884539768,-8.92898254095558,-12.98081325140806,-11.99704550155111,-10.298509966176443,-10.855590360429128
215,-8.467960867526852,-11.064363585100603,-12.922033162482599,-9.418746184898803,-10.317158469735576,-8.42559528984521,-9.707914869799167
216,-12.608044004575776,-10.558083185317058,-11.448623715836883,-10.52277963279622,-12.443158284845929,-9.713937230048796,-11.876783027905706
217,-6.630429523174367,-8.303394045931258,-7.458919319447771,-6.471188360906764,-6.947443939520672,-7.918980523667348,-6.8175243420314695
218,-9.563611508319207,-8.677986974792395,-6.9949161678634,-6.72287517384751,-8.527684343338345,-7.383656808678197,-7.500093873219251
219,-10.871152315320924,-9.726830609931424,-12.95338000793412,-17.872501228242886,-8.06513041959316,-17.353189303287134,-14.754087650834764
220,-10.023883010886959,-11.473811177467011,-9.17725199420557,-8.802477766282252,-11.093263566495052,-13.025132828328033,-10.856339326839352
221,-13.433989540578404,-14.131174282494714,-9.45658410225596,-8.789162886822723,-10.213979187694077,-9.165470531356366,-12.78774368585753
222,-8.01503556769334,-17.404489469155916,-8.315340044237203,-10.272016145007814,-10.42914235227146,-8.928362305895728,-11.829237712143946
223,-17.687419788844135,-7.7435934701485225,-7.635082260308435,-6.825532338040578,-8.05397769189348,-7.717572986481369,-8.5810892915251
224,-8.9980092818685,-11.190074156887768,-11.446773607166495,-10.489905470219204,-10.308183850161017,-9.09792389462339,-8.938987195144433
225,-9.579673700769401,-9.870215728014752,-9.787355492280271,-7.786496776059897,-15.270747808926043,-10.025478073149785,-8.367832838725322
226,-7.468663405244377,-6.975150638559485,-9.69849696793712,-7.695762143432083,-8.482564160496993,-8.122314196469405,-6.683599198660762
227,-10.052843998725164,-10.983347907777704,-10.276717425675018,-8.267634081224706,-10.209630534028493,-11.017983815386831,-8.759808125462522
228,-8.739192750610817,-8.826522188849289,-15.305688790413303,-9.079359757806872,-8.179565025511458,-7.3011665373497605,-7.827562508421384
229,-8.830116978599204,-8.168573844280644,-7.419964914361963,-9.828042566333817,-8.858275085900543,-11.776396794870392,-9.389776595487755
230,-10.911969933120094,-15.506943606938712,-8.599309258338097,-9.29260825286496,-11.481782442625502,-17.89735220942438,-9.719227695040829
231,-9.369604676569402,-12.773194679849896,-11.049639279915368,-11.095126155269302,-11.327489506673018,-9.389093340033877,-6.9243802550680345
232,-11.611853598350612,-9.984165948918555,-8.096736981542008,-7.70834699192167,-10.263535223299737,-8.348158369756021,-7.010446606858568
233,-7.715373964071483,-8.460743115578206,-9.420375084522396,-8.288219688345023,-9.569748845042842,-8.236374576357038,-11.847511544192658
234,-9.26623188512927,-9.8493793739477,-8.696525435843563,-8.491153466440776,-8.87273014869195,-8.657309547766515,-9.255010499024523
235,-10.221578597772284,-11.94340413128178,-7.430745859446725,-8.817381970525298,-13.632778086546875,-8.080205915299263,-8.965923100468295
236,-9.81466760964284,-17.922158207225536,-11.513312450256677,-13.256842920223264,-15.444515544421776,-9.795840173688854,-8.784059603082277
237,-12.265629959638146,-10.047271366297162,-18.459503227158617,-13.68452665800841,-15.692628364138482,-11.895973125838976,-11.5254710322585
238,-10.702872043121044,-12.310183195385568,-11.393360802071854,-20.213683720077782,-9.698203839377538,-13.478923150835811,-9.59249378884852
239,-9.027051806058651,-8.576764652474651,-7.994096758985207,-8.414927304605065,-10.0409234650022,-15.96608624590101,-12.483242940217615
240,-8.250005761305793,-11.009008048981162,-9.944633195604634,-9.620775537841203,-9.721414532916938,-8.458273926249527,-8.682977521491459
241,-9.827540840521394,-11.553375536290163,-12.156739046999602,-12.225605260563482,-11.11627329146805,-8.937593683425078,-8.557067685916282
242,-7.893239393438514,-9.771091394735821,-7.6980987341694975,-8.079347910566346,-8.724442621904592,-8.898675735588297,-12.253871809872098
243,-9.389913618478497,-8.033451484092451,-10.230198367036431,-8.75334705700235,-9.971746856168892,-11.985602500104704,-8.163945291366836
244,-10.644601190774184,-12.904781377547213,-8.056403025945096,-9.211429757944769,-10.607185925641904,-12.093157277812468,-10.847491538551909
245,-11.11797643394496,-10.813491146169474,-11.822843276045296,-14.87820470620808,-10.233532099943215,-10.495906527172934,-11.682419624461357
246,-13.083137558021253,-11.560244943387755,-14.336519313310271,-11.51047083313107,-10.984820294173641,-10.441593688335379,-9.052949538447749
247,-12.476002035917958,-9.424667572559681,-8.464694401415578,-9.497493372306494,-12.929854147195549,-7.568920754306059,-15.190134298915014
248,-9.164395883908355,-8.497848428749384,-9.187870007349959,-8.99789161488323,-10.182915799586231,-13.658144729081133,-9.003212443098501
249,-7.876769149743149,-8.33269236701165,-9.275724280321839,-8.702479059932385,-10.304225255169886,-9.935633862717784,-8.768010588031807
250,-11.366590001354146,-9.399148425769715,-10.677494229623761,-10.236366672387007,-12.073869991441132,-14.07376162942883,-8.469034320275144
251,-11.356490427138281,-11.137986164479532,-8.789399007044183,-9.940391769318168,-10.737835411366119,-9.835643495495052,-9.098897235813972
252,-8.70983076693605,-8.294210709935149,-9.23193797646075,-9.093192677543872,-9.00491400388641,-15.841074973115054,-8.407452669947391
253,-11.250216514230535,-11.345206738996486,-10.171176290821924,-9.881369611614195,-8.506940065387832,-8.94136477435043,-17.982287734545523
254,-11.049903449101738,-7.137394769204899,-13.443046352778872,-9.653650500757704,-10.782718103000722,-9.983120946917293,-13.050027135738151
255,-8.875553080405673,-10.564407032147685,-8.552408208619516,-9.722371281654969,-10.696806420829128,-8.800029661200648,-12.225842112214293
256,-9.752045302076922,-7.5968855217816476,-9.956324713628382,-10.988032491060919,-10.078034212704312,-10.551635723912321,-8.290693696651871
257,-9.336552776539317,-11.461492640638186,-11.527219257041676,-12.532683130106252,-8.58496016518162,-12.747568310483805,-9.251511024188526
258,-7.331507263815451,-6.529200338450471,-7.6717980824545196,-8.05712792681739,-9.84559682964981,-8.62473943776401,-7.2346946181772624
259,-8.081464980083993,-8.464339649758525,-11.633705742865331,-8.993960799666711,-9.148677087720138,-9.503251120289068,-8.217180648092521
260,-10.744185935110062,-10.179874978248554,-10.51033060423471,-10.010153551477297,-9.971575823470191,-5.890549415604848,-7.992338656256461
261,-13.683876877644277,-12.667477668335666,-10.965317613411479,-11.653669236352986,-10.425194465968346,-7.1990351842546305,-8.830045210514474
262,-10.913568541962505,-8.63474111439282,-8.079449381374527,-8.48781459898966,-9.56063305225563,-16.141914073961114,-8.633187493622877
263,-8.483779863258368,-9.055633418484497,-9.165840784615474,-10.22410581808746,-8.741792399569807,-7.417963740092185,-10.016815153211713
264,-7.317591837695724,-8.671880722520521,-10.440133246368346,-10.063039017532041,-8.214001380032288,-8.579756754329841,-15.619665682670941
265,-11.010844925013508,-7.588787467968287,-8.897317592654097,-8.25962875235796,-10.040770356072807,-8.048962582409183,-8.825452730536007
266,-9.994650075616445,-10.031185357413069,-9.389074598636348,-10.555931073686226,-10.08069217281931,-10.631328743997111,-5.608239132591219
267,-8.997921873550055,-10.145951450706852,-8.858449994179702,-8.486644380342764,-12.524925533116205,-10.065376659408448,-7.125065360573404
268,-7.163650167002532,-7.988642880515416,-8.125590311683027,-7.766039825810273,-7.9275754313254065,-8.478479711536513,-6.1740889058679285
269,-10.215188355024125,-12.008111586891093,-11.425942107445993,-12.911141842243506,-11.048002129229454,-11.677323972327983,-10.378406913576026
270,-10.952157586004809,-8.473293637385419,-11.330807350545783,-12.461460083164384,-14.616059157353707,-9.607850395038621,-7.344890022542553
271,-9.501834838105463,-11.50226377354459,-10.19028113566324,-9.63770778104021,-11.677248055240101,-11.161607392646099,-9.370845911480753
272,-11.141626978183945,-12.205756233336022,-10.472681160119716,-12.97736117082609,-10.942621475038983,-15.545413658013576,-11.028341336658702
273,-8.279853541082394,-8.16712085336352,-9.925225508343162,-9.90038505844392,-8.241940957248271,-9.153597066349905,-8.11957603542587
274,-10.160299952132288,-12.433549774906341,-9.007942887765557,-8.329208886373552,-10.547103927267717,-7.723284372030983,-13.947638465829908
275,-7.888000135714469,-10.132759386567853,-10.467535468129999,-9.601896208418546,-9.527155850035008,-12.680085978840541,-7.501947911520174
276,-8.125064430972179,-9.92406385687139,-8.419431653972277,-8.195665474556446,-10.107177397067632,-7.707694068726665,-8.112706504571996
277,-9.188237689146824,-9.312324239419592,-13.795869824328092,-11.131348598045731,-13.884291089758324,-12.27079575247833,-14.759860271734171
278,-10.657431401769218,-15.700065354024728,-8.208469470388911,-9.224568609228202,-10.975280321255596,-7.735609906784229,-9.11440937862008
279,-9.638062282769425,-12.969983077467884,-11.209084734925645,-10.040752925793322,-10.05250950065405,-8.573258065484207,-8.091603382237052
280,-12.780075413692687,-12.179032549578618,-8.221999597502057,-9.400822354478445,-11.134327317802857,-8.93556491692386,-9.957661586626278
281,-9.858163945023426,-10.18068259191522,-17.092781884851007,-9.586888173555995,-10.596742282688101,-16.16088152315253,-11.310365804638037
282,-14.739979981557843,-11.037602648067622,-12.396382781510214,-12.862978811871013,-10.363659890703609,-9.537501675284698,-8.969241135512558
283,-10.135224195920339,-10.03098488465263,-10.296689859953204,-10.533774761688163,-8.928296265322823,-9.147930709975446,-8.195762320428292
284,-13.550865153354708,-10.959121488362117,-13.25204659373396,-8.533469240461516,-8.569153946225203,-7.749935305481495,-8.999961199033034
285,-8.450692050945934,-8.022757184911468,-10.623854234416662,-8.40583873773025,-11.086226806129691,-7.180034082974117,-9.57862231426606
286,-10.3458884268728,-10.16351788714219,-9.876051914224334,-9.162302264979708,-10.419211527172235,-11.46011283959238,-10.880741834350435
287,-7.6065888219876046,-8.94243280507478,-14.726198366308777,-9.205897729442848,-10.080413682110935,-9.147957139097544,-7.354000699893832
288,-8.088205972733562,-8.682741470631811,-7.4395166945121245,-8.404589474687887,-9.449455094374734,-10.420321441490255,-10.713260343282894
289,-9.66856670313924,-8.583328307434394,-12.881363654023417,-9.821694143568823,-10.604885208910865,-9.02567791914223,-11.015012385325727
290,-9.577772653938526,-9.31131678268732,-12.595144052474812,-9.300411810628193,-13.792305313059055,-27.783326865002234,-11.746533432819108
291,-10.491391509822163,-13.25919195840982,-10.978320871768345,-10.295180860620425,-8.922104318292382,-9.34326278568868,-9.219760361254263
292,-14.697810408251215,-10.25609042931626,-8.555206008381868,-10.378464439098238,-10.684513678050955,-9.924687644541367,-8.814722146811565
293,-13.57372381673481,-11.293011970583416,-9.091747508435322,-9.980954860057224,-9.300847709054864,-11.943986560222097,-9.8453963489015
294,-10.223599531372349,-8.47599620571359,-7.4896191828040966,-7.361707341590734,-8.66833467958496,-7.479896334883618,-11.439185721612501
295,-10.587018615405567,-9.884348906439365,-11.35008914216026,-13.699420190999229,-11.062043003107117,-8.539331910216033,-10.75725254310062
296,-10.326010476468307,-12.53334355853476,-7.94186237088502,-8.051141619990055,-11.304447412665782,-13.23324125879643,-10.327673557743736
297,-9.946884886436495,-10.635292835855976,-15.48199630733514,-9.13583783919367,-10.462179993472327,-9.168078000964377,-8.27104520644264
298,-7.931555552664806,-12.2520373830496,-6.873266972175279,-6.95046905042519,-12.824773494255904,-8.953011221363065,-8.305071483965179
299,-6.466301047359966,-10.226175242199274,-10.683524758765262,-10.564499252193059,-3.42762560902703,-6.152844183325375,-7.063892785514724
300,-8.794438178544269,-15.330643320644723,-9.137164443613598,-13.822940149955228,-5.008131288493557,-9.49727026120737,-7.98939245008581
301,-9.342506083323904,-13.279387525896311,-7.985145816894264,-10.171087253461797,-9.560678543381137,-8.763674105655557,-11.049753000051238
302,-8.583596621045176,-10.50707339375397,-11.249108664708668,-13.240926395888167,-7.041519903057841,-8.493419769286744,-8.471581322750104
303,-9.067846581483373,-7.686387823494039,-12.449941993354003,-8.66671405568316,-8.531174007703196,-10.657584877775239,-9.18300344240146
304,-7.271110226586221,-8.200599688923965,-9.05791059230643,-6.054888835706995,-8.072239425576454,-7.44289082621269,-7.58178814403219
305,-7.110683481446067,-8.735451576074528,-7.584046761971247,-5.985106229115661,-7.800704894932664,-7.494894660242689,-5.153165386603696
306,-9.356421937629642,-7.8445795984179725,-8.273380415730959,-9.629573686533499,-9.520403555291857,-7.26383781098414,-8.003012183402964
307,-11.740269758862896,-9.08346590641733,-8.09839648006731,-9.997919077996894,-9.670467701136335,-6.75307044315873,-13.25025635358769
308,-8.330842356396639,-7.312838562497907,-8.728077136176227,-8.28814638124135,-7.7777954156403,-9.097032375339031,-7.6322788194944
309,-9.696341876150724,-8.272927111178392,-10.294639172694975,-9.852805140650045,-8.807313412988991,-13.839312172526208,-9.28797382173688
310,-10.837106220962498,-8.499032204760352,-8.702973817971781,-8.272167966571384,-9.997078659644727,-7.843913605951633,-9.848318941385727
311,-12.824104025639528,-11.631648588719763,-8.497129996229907,-9.198659315845937,-14.721713589916384,-15.129841896815016,-9.29927368694734
312,-8.634882112128793,-12.165517729499099,-17.14239674283713,-9.591662036367362,-8.87910767139211,-10.054335751385858,-10.222972948460587
313,-11.13564226073382,-8.958856545599463,-10.086189918977851,-8.497692744397265,-10.957176398892692,-8.469358189386732,-8.863844082618701
314,-13.25796675541903,-13.448001154987939,-6.852144544332735,-7.965364696111433,-11.489202175791503,-8.35018312487432,-8.203067494471766
315,-10.203139858734776,-10.723902054687901,-10.139192213034864,-12.524537288006963,-11.784067078139955,-8.815907013721363,-8.75616869708821
316,-9.848740953543903,-13.057769690650625,-11.581897780331811,-8.69104190336744,-8.43762989891444,-8.605791717794581,-10.293184873899683
317,-9.188590080953048,-11.351277048868345,-8.306837686249422,-11.018774608691054,-9.60778077311449,-10.956418974263968,-6.702070691533007
318,-7.531126138413214,-8.43006715357153,-6.3074794597755925,-6.710324435359383,-9.368486395494125,-6.960091586615675,-6.5643021247693065
319,-9.317478233004975,-11.82272365156705,-14.18188948562734,-7.4347421336570445,-9.866268893255027,-11.135069710492536,-10.22919247301644
320,-9.652625280208841,-7.990236536925062,-8.296708374525027,-12.928146018804352,-10.233026440808931,-14.045029197613776,-7.904166114889773
321,-9.851963256924014,-7.978695147838443,-13.9584050399797,-11.910415696698744,-10.218271715017453,-10.071249366015643,-8.77016628705852
322,-10.810365147559327,-12.22705332199005,-7.9081707189887895,-9.598542680664279,-8.332740065098324,-15.11625769549293,-9.77493821601107
323,-9.310470926970726,-7.934641546582154,-6.884135146827294,-8.342060341262147,-8.55494451665599,-10.210594818266499,-9.327984568618787
324,-11.307548246358564,-14.66815144226343,-8.88296561052005,-8.383469677790922,-7.727761482863701,-8.78540486942616,-9.378857265178635
325,-9.992846656769634,-15.214199972945309,-11.226419651037958,-9.797936330944808,-8.90752986132965,-9.582440884866607,-11.978208503285876
326,-11.96111670014813,-19.228207860873937,-9.443088302377015,-8.718430330476295,-9.696533473889536,-8.966521734965717,-9.645847499263532
327,-7.246606286108248,-15.069321320667859,-6.7044970421037595,-7.341067456805918,-9.431309841608895,-7.7941811395721645,-6.54298092616716
328,-7.516161116218541,-9.585028873989312,-7.745094305131136,-10.025495815630764,-8.220392434586184,-16.448654188377347,-7.070924745649367
329,-10.462400537211304,-9.064985623280903,-9.604356941203559,-7.724507129946261,-8.968338923923245,-9.964721378536892,-10.225335304451235
330,-10.319235763315808,-12.802345638794586,-20.938110675237986,-8.35000006379153,-8.132617360968588,-9.758633779869195,-9.11835924334376
331,-9.310738431860479,-9.306012976434598,-11.0677251172273,-9.891340291470323,-6.716762302692977,-13.52164780253798,-8.089795913296996
332,-9.653992956817099,-8.89980700662874,-7.154148298610967,-8.33592197312224,-12.455918798499516,-8.491453299759597,-8.125983028686862
333,-9.45569067541446,-9.496558368738693,-11.770381563494091,-8.460097314735592,-7.627602894022602,-19.719891487387066,-8.345706248441411
334,-10.667350924837177,-9.126766325384073,-7.714222188492794,-11.295866564316112,-10.172714356495872,-9.950226811516696,-10.313262722245701
335,-10.593711497051611,-9.063906740969577,-8.131142439424613,-9.698526983813801,-9.497956144413036,-10.810208799070201,-8.16238165559082
336,-8.998539867753546,-10.219211845516739,-18.299576673421704,-11.282829659268787,-8.608618668194744,-6.9002761536278525,-7.246162295153781
337,-13.505260438912064,-14.372703630492062,-9.44952701677146,-10.352715265818023,-9.646079078491534,-7.422358520055406,-7.452887384122099
338,-7.9718194699402405,-8.603653706886384,-7.346524052568866,-7.31189133764333,-7.173236187105911,-8.092985481221872,-6.65330254401388
339,-12.07700934589775,-13.029985894277106,-8.43872508310461,-8.610974118602698,-8.858570364374826,-8.015243829051146,-12.164587137499417
340,-9.487578382612929,-11.554793061426833,-7.587008797691487,-7.6005059471346135,-6.291847717832044,-9.807598708662589,-7.583755777905439
341,-9.824589494164796,-9.978194133717537,-8.641700132257624,-10.087176243365642,-8.360845788343068,-6.8166975098360165,-13.005135706083424
342,-8.583446216482493,-11.288280559691469,-9.258063577348372,-9.691353243531292,-8.015630187743268,-10.704033324378305,-9.27171608510299
343,-11.050415346586034,-9.455505741036596,-7.071765209112029,-7.192959373476991,-10.486060397678123,-7.89456604628677,-8.955022073609312
344,-13.33243686357095,-11.127186423393235,-11.438388165736754,-7.5707696247743055,-8.499659558185403,-8.907516480765043,-6.740550945620086
345,-9.677253993767325,-7.6821133489202005,-7.831625793142319,-7.617326084922745,-7.762554946145104,-7.292953547003193,-11.199518835249815
346,-9.515617343162626,-10.868159935364021,-9.560817634921536,-7.158314146266407,-7.46612626409199,-7.465801481372529,-9.463712040453528
347,-8.205717107556502,-9.873271916626187,-9.052186236550728,-10.99133360874042,-7.845991970610835,-8.464195908122639,-10.214023291988422
348,-9.112154633876386,-7.658586637769205,-7.757336990551876,-8.057802928238381,-8.772755388095037,-7.714764217664936,-7.316198771076424
349,-13.066453129650645,-8.53273558760747,-8.244263239639986,-8.280091097982426,-8.88383277802835,-7.198485412273796,-9.788998059186028
350,-8.422140570555106,-7.252166305559837,-9.653026381276277,-7.617941502765436,-8.018384018602363,-7.843540973161941,-9.121146024957532
351,-13.573664296048715,-8.140714950935026,-8.96667876654398,-7.949036342706755,-7.374405398001711,-7.3849553066700055,-13.021492051265264
352,-8.625094197193931,-8.009636661271342,-5.609161107174185,-6.8716716547972485,-7.899125358904067,-8.205981167549579,-8.002371938584545
353,-7.314164841370698,-7.056479897179981,-6.145593724255272,-6.616672054612476,-6.360064917897388,-7.655833963816938,-7.583472868926894
354,-10.535751269763356,-8.771052009977442,-9.276853157448238,-9.465517179517414,-11.547357764416654,-8.188387581316057,-10.79317393381199
355,-9.708421233907103,-11.000327569810342,-10.427115559560896,-9.555532980408572,-12.274136914109263,-7.088891341610024,-13.782935948722068
356,-6.201707365584891,-10.561850320444172,-8.891852640445869,-11.838124638174529,-11.143077793868041,-6.291636270124482,-5.536529565790067
357,-6.845640659206288,-12.455206137026453,-14.613704640095172,-9.517881162882286,-11.692163631565613,-8.323615928406763,-6.67208073561856
358,-10.722725312153228,-10.543339017894388,-6.673884250267629,-4.181138515229717,-13.851536892896242,-10.222382049438348,-7.864037006010331
359,-8.320528383455075,-8.679766865891287,-6.936425285623648,-8.998866165679669,-9.303837515818891,-13.870081607148647,-8.385211786849942
360,-11.609484567409346,-11.345162471776804,-7.230201671637947,-6.3947033481755025,-5.974356840808752,-7.778480299394958,-14.673834537149313
361,-9.96389831344981,-11.59527451815322,-10.194352249602709,-6.7814478086232866,-7.161244623118801,-7.284470612904681,-7.153844811223811
362,-7.63788689041312,-8.867856293385838,-16.105931597850937,-8.522859802951379,-6.907667478193809,-10.503961404550799,-6.314048915951022
363,-11.647349725274987,-10.04873619108049,-7.076981383889785,-6.778866009891522,-10.289615595594249,-6.592851290123257,-9.145756576635636
364,-9.393774826873655,-12.262796602353102,-7.5729054297559975,-7.357814920494416,-7.5552091842637665,-8.34645913937236,-8.937812826059318
365,-10.119627705662564,-12.331265716731467,-8.502968105001756,-7.615370327538728,-10.435974824499448,-7.231869325813256,-8.121313373046215
366,-11.746541978358795,-15.282383213499998,-11.887335262524292,-9.132073362341382,-9.272943691252678,-8.475408135932023,-10.357275685141857
367,-7.872374947526955,-6.958651727582449,-7.127143796636434,-7.201210920070115,-7.684985695386441,-7.519738379210243,-7.571371995398766
368,-11.909699811645808,-8.664167633315413,-10.79227784328115,-8.807416920930432,-8.614112177009055,-9.038842887561627,-9.47767762339378
369,-10.088480429736864,-9.282907272913228,-12.428461686517936,-10.185681925264916,-14.29789295603833,-10.595786454636967,-14.39333849411566
370,-10.193331439622908,-10.20090604325773,-5.53689120005468,-10.201964285234268,-10.183697692434313,-6.509133079417698,-8.355152689748726
371,-7.588769295724362,-6.208592049789333,-11.701166586924554,-5.661465175629855,-6.232653219800525,-13.570498594843569,-7.395816515474725
372,-18.939906130440583,-7.6325056944622744,-6.703115322821225,-8.837048540678186,-6.792111295683362,-9.446047955027263,-8.73231607113105
373,-9.938129089550515,-8.213646405293568,-9.965362181041748,-6.738990963610212,-6.749455128151556,-9.895886622832467,-8.54764942326849
374,-10.269023459325012,-7.812664618665685,-7.802376076077393,-10.031425551300309,-8.055826458543427,-8.496509750915891,-9.129839250932921
375,-9.034800568940497,-13.331509149019665,-8.905507926715925,-8.20292359358489,-7.558373499431673,-9.701258723774359,-8.830946699988916
376,-11.473628842074007,-10.33592662723432,-13.106231424344806,-8.73009511167603,-9.619457308854622,-9.55355235442032,-7.550086815152938
377,-9.83964530348997,-8.502945413722841,-13.592896277847474,-13.467184575449943,-9.153916667242488,-10.884827130287514,-9.918779874778332
378,-6.338656327694955,-10.669648210188425,-8.298067466719498,-13.59463706255171,-10.076083231584592,-8.622831542867639,-5.8337225068700755
379,-11.417382962877916,-10.779351534517852,-9.575895879839642,-7.843591946311236,-9.613437591324534,-9.106165225136547,-12.307387870105462
380,-10.360200276693178,-7.732964648393367,-8.886215965459565,-9.720255656568622,-14.287017196754771,-8.8198057252654,-13.60829786378005
381,-8.851564228043618,-7.903882091086081,-10.806765474840851,-9.526921300617694,-9.72840195596888,-7.9249914058590045,-7.510102953017109
382,-7.963042236013237,-9.344132561480276,-7.255027675221366,-8.472635050647446,-9.429179971444187,-8.016373141469273,-8.680300948587037
383,-10.287856911640864,-10.753444768975761,-7.386746191939534,-7.249604568697353,-9.427748576331407,-7.345273994739241,-10.499508904464491
384,-13.10635036378825,-9.818236842512823,-9.990933894281872,-8.224206691486748,-11.156618643007592,-9.643245482030279,-8.429333416653844
385,-9.33113073191326,-12.043949413149972,-9.732087246503532,-9.32148717437356,-9.054049568856016,-8.265166926102234,-7.302040822018898
386,-7.848471364371405,-8.967000932568526,-11.497496445530048,-9.7605145812274,-5.4237911023539604,-8.056102151324854,-6.410076880485311
387,-9.528603951879203,-10.871817007151423,-8.73813006291678,-9.858118143577812,-6.898682434627244,-9.65497014254,-8.027043092624526
388,-8.642554687710756,-14.030830584300059,-11.287270491255136,-8.245430146100029,-7.22628171810335,-9.233751350496611,-8.18263935369636
389,-10.677986650381602,-7.653246136906716,-6.333196312897242,-9.770194364500949,-9.452469691137386,-7.065728183286214,-9.097422711106123
