,index,Date,date
0,0,5/6/2008,6052008
1,1,5/7/2008,7052008
2,2,5/8/2008,8052008
3,3,5/11/2008,11052008
4,4,5/12/2008,12052008
5,5,5/13/2008,13052008
6,6,5/14/2008,14052008
7,7,5/15/2008,15052008
8,8,5/18/2008,18052008
9,9,5/19/2008,19052008
10,10,5/20/2008,20052008
11,11,5/21/2008,21052008
12,12,5/22/2008,22052008
13,13,5/25/2008,25052008
14,14,5/26/2008,26052008
15,15,5/27/2008,27052008
16,16,5/28/2008,28052008
17,17,5/29/2008,29052008
18,18,6/1/2008,1062008
19,19,6/2/2008,2062008
20,20,6/3/2008,3062008
21,21,6/4/2008,4062008
22,22,6/5/2008,5062008
23,23,6/8/2008,8062008
24,24,6/9/2008,9062008
25,25,6/10/2008,10062008
26,26,6/11/2008,11062008
27,27,6/12/2008,12062008
28,28,6/15/2008,15062008
29,29,6/16/2008,16062008
30,30,6/17/2008,17062008
31,31,6/18/2008,18062008
32,32,6/19/2008,19062008
33,33,6/22/2008,22062008
34,34,6/23/2008,23062008
35,35,6/24/2008,24062008
36,36,6/25/2008,25062008
37,37,6/26/2008,26062008
38,38,6/29/2008,29062008
39,39,6/30/2008,30062008
40,40,7/1/2008,1072008
41,41,7/2/2008,2072008
42,42,7/3/2008,3072008
43,43,7/6/2008,6072008
44,44,7/7/2008,7072008
45,45,7/8/2008,8072008
46,46,7/9/2008,9072008
47,47,7/10/2008,10072008
48,48,7/13/2008,13072008
49,49,7/14/2008,14072008
50,50,7/15/2008,15072008
51,51,7/16/2008,16072008
52,52,7/17/2008,17072008
53,53,7/20/2008,20072008
54,54,7/21/2008,21072008
55,55,7/22/2008,22072008
56,56,7/23/2008,23072008
57,57,7/24/2008,24072008
58,58,7/27/2008,27072008
59,59,7/28/2008,28072008
60,60,7/29/2008,29072008
61,61,7/30/2008,30072008
62,62,7/31/2008,31072008
63,63,8/3/2008,3082008
64,64,8/4/2008,4082008
65,65,8/5/2008,5082008
66,66,8/6/2008,6082008
67,67,8/7/2008,7082008
68,68,8/10/2008,10082008
69,69,8/11/2008,11082008
70,70,8/12/2008,12082008
71,71,8/13/2008,13082008
72,72,8/14/2008,14082008
73,73,8/17/2008,17082008
74,74,8/18/2008,18082008
75,75,8/19/2008,19082008
76,76,8/20/2008,20082008
77,77,8/21/2008,21082008
78,78,8/24/2008,24082008
79,79,8/25/2008,25082008
80,80,8/26/2008,26082008
81,81,8/27/2008,27082008
82,82,8/28/2008,28082008
83,83,8/31/2008,31082008
84,84,9/1/2008,1092008
85,85,9/2/2008,2092008
86,86,9/3/2008,3092008
87,87,9/4/2008,4092008
88,88,9/7/2008,7092008
89,89,9/8/2008,8092008
90,90,9/9/2008,9092008
91,91,9/10/2008,10092008
92,92,9/11/2008,11092008
93,93,9/14/2008,14092008
94,94,9/15/2008,15092008
95,95,9/16/2008,16092008
96,96,9/17/2008,17092008
97,97,9/18/2008,18092008
98,98,9/21/2008,21092008
99,99,9/22/2008,22092008
100,100,9/23/2008,23092008
101,101,9/24/2008,24092008
102,102,9/25/2008,25092008
103,103,9/28/2008,28092008
104,104,9/29/2008,29092008
105,105,9/30/2008,30092008
106,106,10/1/2008,1102008
107,107,10/2/2008,2102008
108,108,10/5/2008,5102008
109,109,10/6/2008,6102008
110,110,10/7/2008,7102008
111,111,10/8/2008,8102008
112,112,10/9/2008,9102008
113,113,10/12/2008,12102008
114,114,10/13/2008,13102008
115,115,10/14/2008,14102008
116,116,10/15/2008,15102008
117,117,10/16/2008,16102008
118,118,10/19/2008,19102008
119,119,10/20/2008,20102008
120,120,10/21/2008,21102008
121,121,10/22/2008,22102008
122,122,10/23/2008,23102008
123,123,10/26/2008,26102008
124,124,10/27/2008,27102008
125,125,10/28/2008,28102008
126,126,10/29/2008,29102008
127,127,10/30/2008,30102008
128,128,11/2/2008,2112008
129,129,11/3/2008,3112008
130,130,11/4/2008,4112008
131,131,11/5/2008,5112008
132,132,11/6/2008,6112008
133,133,11/9/2008,9112008
134,134,11/10/2008,10112008
135,135,11/11/2008,11112008
136,136,11/12/2008,12112008
137,137,11/13/2008,13112008
138,138,11/16/2008,16112008
139,139,11/17/2008,17112008
140,140,11/18/2008,18112008
141,141,11/19/2008,19112008
142,142,11/20/2008,20112008
143,143,11/23/2008,23112008
144,144,11/24/2008,24112008
145,145,11/25/2008,25112008
146,146,11/26/2008,26112008
147,147,11/27/2008,27112008
148,148,11/30/2008,30112008
149,149,12/1/2008,1122008
150,150,12/2/2008,2122008
151,151,12/3/2008,3122008
152,152,12/4/2008,4122008
153,153,12/7/2008,7122008
154,154,12/8/2008,8122008
155,155,12/9/2008,9122008
156,156,12/10/2008,10122008
157,157,12/11/2008,11122008
158,158,12/14/2008,14122008
159,159,12/15/2008,15122008
160,160,12/16/2008,16122008
161,161,12/17/2008,17122008
162,162,12/18/2008,18122008
163,163,12/21/2008,21122008
164,164,12/22/2008,22122008
165,165,12/23/2008,23122008
166,166,12/24/2008,24122008
167,168,12/28/2008,28122008
168,169,12/29/2008,29122008
169,171,12/31/2008,31122008
170,172,1/1/2009,1012009
171,173,1/4/2009,4012009
172,174,1/5/2009,5012009
173,175,1/6/2009,6012009
174,176,1/7/2009,7012009
175,177,1/8/2009,8012009
176,178,1/11/2009,11012009
177,179,1/12/2009,12012009
178,180,1/13/2009,13012009
179,181,1/14/2009,14012009
180,182,1/15/2009,15012009
181,183,1/18/2009,18012009
182,184,1/19/2009,19012009
183,185,1/20/2009,20012009
184,186,1/21/2009,21012009
185,187,1/22/2009,22012009
186,188,1/25/2009,25012009
187,189,1/26/2009,26012009
188,190,1/27/2009,27012009
189,191,1/28/2009,28012009
190,192,1/29/2009,29012009
191,193,2/1/2009,1022009
192,194,2/2/2009,2022009
193,195,2/3/2009,3022009
194,196,2/4/2009,4022009
195,197,2/5/2009,5022009
196,198,2/8/2009,8022009
197,199,2/9/2009,9022009
198,200,2/10/2009,10022009
199,201,2/11/2009,11022009
200,202,2/12/2009,12022009
201,203,2/15/2009,15022009
202,204,2/16/2009,16022009
203,205,2/17/2009,17022009
204,206,2/18/2009,18022009
205,207,2/19/2009,19022009
206,208,2/22/2009,22022009
207,209,2/23/2009,23022009
208,210,2/24/2009,24022009
209,211,2/25/2009,25022009
210,212,2/26/2009,26022009
211,213,3/1/2009,1032009
212,214,3/2/2009,2032009
213,215,3/3/2009,3032009
214,216,3/4/2009,4032009
215,217,3/5/2009,5032009
216,218,3/8/2009,8032009
217,219,3/9/2009,9032009
218,220,3/10/2009,10032009
219,221,3/11/2009,11032009
220,222,3/12/2009,12032009
221,223,3/15/2009,15032009
222,225,3/17/2009,17032009
223,226,3/18/2009,18032009
224,227,3/19/2009,19032009
225,228,3/22/2009,22032009
226,229,3/23/2009,23032009
227,230,3/24/2009,24032009
228,231,3/25/2009,25032009
229,232,3/26/2009,26032009
230,233,3/29/2009,29032009
231,234,3/30/2009,30032009
232,235,3/31/2009,31032009
233,236,4/1/2009,1042009
234,237,4/2/2009,2042009
235,238,4/5/2009,5042009
236,239,4/6/2009,6042009
237,240,4/7/2009,7042009
238,241,4/8/2009,8042009
239,242,4/9/2009,9042009
240,243,4/12/2009,12042009
241,244,4/13/2009,13042009
242,245,4/14/2009,14042009
243,246,4/15/2009,15042009
244,247,4/16/2009,16042009
245,248,4/19/2009,19042009
246,249,4/20/2009,20042009
247,250,4/21/2009,21042009
248,251,4/22/2009,22042009
249,252,4/23/2009,23042009
250,253,4/26/2009,26042009
251,254,4/27/2009,27042009
252,255,4/28/2009,28042009
253,256,4/29/2009,29042009
254,257,4/30/2009,30042009
255,258,5/3/2009,3052009
256,259,5/4/2009,4052009
257,260,5/5/2009,5052009
258,261,5/6/2009,6052009
259,262,5/7/2009,7052009
260,263,5/10/2009,10052009
261,264,5/11/2009,11052009
262,265,5/12/2009,12052009
263,266,5/13/2009,13052009
264,267,5/14/2009,14052009
265,268,5/17/2009,17052009
266,269,5/18/2009,18052009
267,270,5/19/2009,19052009
268,271,5/20/2009,20052009
269,272,5/21/2009,21052009
270,273,5/24/2009,24052009
271,274,5/25/2009,25052009
272,275,5/26/2009,26052009
273,276,5/27/2009,27052009
274,277,5/28/2009,28052009
275,278,5/31/2009,31052009
276,279,6/1/2009,1062009
277,280,6/2/2009,2062009
278,281,6/3/2009,3062009
279,282,6/4/2009,4062009
280,283,6/7/2009,7062009
281,284,6/8/2009,8062009
282,285,6/9/2009,9062009
283,286,6/10/2009,10062009
284,287,6/11/2009,11062009
285,288,6/14/2009,14062009
286,289,6/15/2009,15062009
287,290,6/16/2009,16062009
288,291,6/17/2009,17062009
289,292,6/18/2009,18062009
290,293,6/21/2009,21062009
291,294,6/22/2009,22062009
292,295,6/23/2009,23062009
293,296,6/24/2009,24062009
294,297,6/25/2009,25062009
295,298,6/28/2009,28062009
296,299,6/29/2009,29062009
297,300,6/30/2009,30062009
298,301,7/1/2009,1072009
299,302,7/2/2009,2072009
300,303,7/5/2009,5072009
301,304,7/6/2009,6072009
302,305,7/7/2009,7072009
303,306,7/8/2009,8072009
304,307,7/9/2009,9072009
305,308,7/12/2009,12072009
306,309,7/13/2009,13072009
307,310,7/14/2009,14072009
308,311,7/15/2009,15072009
309,312,7/16/2009,16072009
310,313,7/19/2009,19072009
311,314,7/20/2009,20072009
312,315,7/21/2009,21072009
313,316,7/22/2009,22072009
314,317,7/23/2009,23072009
315,318,7/26/2009,26072009
316,319,7/27/2009,27072009
317,320,7/28/2009,28072009
318,321,7/29/2009,29072009
319,322,7/30/2009,30072009
320,323,8/2/2009,2082009
321,324,8/3/2009,3082009
322,325,8/4/2009,4082009
323,326,8/5/2009,5082009
324,327,8/6/2009,6082009
325,328,8/9/2009,9082009
326,329,8/10/2009,10082009
327,330,8/11/2009,11082009
328,331,8/12/2009,12082009
329,332,8/13/2009,13082009
330,333,8/16/2009,16082009
331,334,8/17/2009,17082009
332,335,8/18/2009,18082009
333,336,8/19/2009,19082009
334,337,8/20/2009,20082009
335,338,8/23/2009,23082009
336,339,8/24/2009,24082009
337,340,8/25/2009,25082009
338,341,8/26/2009,26082009
339,342,8/27/2009,27082009
340,343,8/30/2009,30082009
341,344,8/31/2009,31082009
342,345,9/1/2009,1092009
343,346,9/2/2009,2092009
344,347,9/3/2009,3092009
345,348,9/6/2009,6092009
346,349,9/7/2009,7092009
347,350,9/8/2009,8092009
348,351,9/9/2009,9092009
349,352,9/10/2009,10092009
350,353,9/13/2009,13092009
351,354,9/14/2009,14092009
352,355,9/15/2009,15092009
353,356,9/16/2009,16092009
354,357,9/17/2009,17092009
355,358,9/20/2009,20092009
356,359,9/21/2009,21092009
357,360,9/22/2009,22092009
358,361,9/23/2009,23092009
359,362,9/24/2009,24092009
360,363,9/27/2009,27092009
361,364,9/28/2009,28092009
362,365,9/29/2009,29092009
363,366,9/30/2009,30092009
364,367,10/1/2009,1102009
365,368,10/4/2009,4102009
366,369,10/5/2009,5102009
367,370,10/6/2009,6102009
368,371,10/7/2009,7102009
369,372,10/8/2009,8102009
370,373,10/11/2009,11102009
371,374,10/12/2009,12102009
372,375,10/13/2009,13102009
373,376,10/14/2009,14102009
374,377,10/15/2009,15102009
375,378,10/18/2009,18102009
376,379,10/19/2009,19102009
377,380,10/20/2009,20102009
378,381,10/21/2009,21102009
379,382,10/22/2009,22102009
380,383,10/25/2009,25102009
381,384,10/26/2009,26102009
382,385,10/27/2009,27102009
383,386,10/28/2009,28102009
384,387,10/29/2009,29102009
385,388,11/1/2009,1112009
386,389,11/2/2009,2112009
387,390,11/3/2009,3112009
388,391,11/4/2009,4112009
389,392,11/5/2009,5112009
390,393,11/8/2009,8112009
391,394,11/9/2009,9112009
392,395,11/10/2009,10112009
393,396,11/11/2009,11112009
394,397,11/12/2009,12112009
395,398,11/15/2009,15112009
396,399,11/16/2009,16112009
397,400,11/17/2009,17112009
398,401,11/18/2009,18112009
399,402,11/19/2009,19112009
400,403,11/22/2009,22112009
401,404,11/23/2009,23112009
402,405,11/24/2009,24112009
403,406,11/25/2009,25112009
404,407,11/26/2009,26112009
405,408,11/29/2009,29112009
406,409,11/30/2009,30112009
407,410,12/1/2009,1122009
408,411,12/2/2009,2122009
409,412,12/3/2009,3122009
410,413,12/6/2009,6122009
411,414,12/7/2009,7122009
412,415,12/8/2009,8122009
413,416,12/9/2009,9122009
414,417,12/10/2009,10122009
415,418,12/13/2009,13122009
416,419,12/14/2009,14122009
417,420,12/15/2009,15122009
418,421,12/16/2009,16122009
419,422,12/17/2009,17122009
420,423,12/20/2009,20122009
421,424,12/21/2009,21122009
422,425,12/22/2009,22122009
423,426,12/23/2009,23122009
424,427,12/24/2009,24122009
425,428,12/27/2009,27122009
426,429,12/28/2009,28122009
427,430,12/29/2009,29122009
428,431,12/30/2009,30122009
429,432,12/31/2009,31122009
430,433,1/3/2010,3012010
431,434,1/4/2010,4012010
432,435,1/5/2010,5012010
433,436,1/6/2010,6012010
434,437,1/7/2010,7012010
435,438,1/10/2010,10012010
436,439,1/11/2010,11012010
437,440,1/12/2010,12012010
438,441,1/13/2010,13012010
439,442,1/14/2010,14012010
440,443,1/17/2010,17012010
441,444,1/18/2010,18012010
442,445,1/19/2010,19012010
443,446,1/20/2010,20012010
444,447,1/21/2010,21012010
445,448,1/24/2010,24012010
446,449,1/25/2010,25012010
447,450,1/26/2010,26012010
448,451,1/27/2010,27012010
449,452,1/28/2010,28012010
450,453,1/31/2010,31012010
451,454,2/1/2010,1022010
452,455,2/2/2010,2022010
453,456,2/3/2010,3022010
454,457,2/4/2010,4022010
455,458,2/7/2010,7022010
456,459,2/8/2010,8022010
457,460,2/9/2010,9022010
458,461,2/10/2010,10022010
459,462,2/11/2010,11022010
460,463,2/14/2010,14022010
461,464,2/15/2010,15022010
462,465,2/16/2010,16022010
463,466,2/17/2010,17022010
464,467,2/18/2010,18022010
465,468,2/21/2010,21022010
466,469,2/22/2010,22022010
467,470,2/23/2010,23022010
468,471,2/24/2010,24022010
469,472,2/25/2010,25022010
470,473,2/28/2010,28022010
471,474,3/1/2010,1032010
472,475,3/2/2010,2032010
473,476,3/3/2010,3032010
474,477,3/4/2010,4032010
475,478,3/7/2010,7032010
476,479,3/8/2010,8032010
477,480,3/9/2010,9032010
478,481,3/10/2010,10032010
479,482,3/11/2010,11032010
480,483,3/14/2010,14032010
481,484,3/15/2010,15032010
482,485,3/16/2010,16032010
483,486,3/17/2010,17032010
484,487,3/18/2010,18032010
485,488,3/21/2010,21032010
486,489,3/22/2010,22032010
487,490,3/23/2010,23032010
488,491,3/24/2010,24032010
489,492,3/25/2010,25032010
490,493,3/28/2010,28032010
491,494,3/29/2010,29032010
492,495,3/30/2010,30032010
493,496,3/31/2010,31032010
494,497,4/1/2010,1042010
495,498,4/4/2010,4042010
496,499,4/5/2010,5042010
497,500,4/6/2010,6042010
498,501,4/7/2010,7042010
499,502,4/8/2010,8042010
500,503,4/11/2010,11042010
501,504,4/12/2010,12042010
502,505,4/13/2010,13042010
503,506,4/14/2010,14042010
504,507,4/15/2010,15042010
505,508,4/18/2010,18042010
506,509,4/19/2010,19042010
507,510,4/20/2010,20042010
508,511,4/21/2010,21042010
509,512,4/22/2010,22042010
510,513,4/25/2010,25042010
511,514,4/26/2010,26042010
512,515,4/27/2010,27042010
513,516,4/28/2010,28042010
514,517,4/29/2010,29042010
515,518,5/2/2010,2052010
516,519,5/3/2010,3052010
517,520,5/4/2010,4052010
518,521,5/5/2010,5052010
519,522,5/6/2010,6052010
520,523,5/9/2010,9052010
521,524,5/10/2010,10052010
522,525,5/11/2010,11052010
523,526,5/12/2010,12052010
524,527,5/13/2010,13052010
525,528,5/16/2010,16052010
526,529,5/17/2010,17052010
527,530,5/18/2010,18052010
528,531,5/19/2010,19052010
529,532,5/20/2010,20052010
530,533,5/23/2010,23052010
531,534,5/24/2010,24052010
532,535,5/25/2010,25052010
533,536,5/26/2010,26052010
534,537,5/27/2010,27052010
535,538,5/30/2010,30052010
536,539,5/31/2010,31052010
537,540,6/1/2010,1062010
538,541,6/2/2010,2062010
539,542,6/3/2010,3062010
540,543,6/6/2010,6062010
541,544,6/7/2010,7062010
542,545,6/8/2010,8062010
543,546,6/9/2010,9062010
544,547,6/10/2010,10062010
545,548,6/13/2010,13062010
546,549,6/14/2010,14062010
547,550,6/15/2010,15062010
548,551,6/16/2010,16062010
549,552,6/17/2010,17062010
550,553,6/20/2010,20062010
551,554,6/21/2010,21062010
552,555,6/22/2010,22062010
553,556,6/23/2010,23062010
554,557,6/24/2010,24062010
555,558,6/27/2010,27062010
556,559,6/28/2010,28062010
557,560,6/29/2010,29062010
558,561,6/30/2010,30062010
559,562,7/1/2010,1072010
560,563,7/4/2010,4072010
561,564,7/5/2010,5072010
562,565,7/6/2010,6072010
563,566,7/7/2010,7072010
564,567,7/8/2010,8072010
565,568,7/11/2010,11072010
566,569,7/12/2010,12072010
567,570,7/13/2010,13072010
568,571,7/14/2010,14072010
569,572,7/15/2010,15072010
570,573,7/18/2010,18072010
571,574,7/19/2010,19072010
572,575,7/20/2010,20072010
573,576,7/21/2010,21072010
574,577,7/22/2010,22072010
575,578,7/25/2010,25072010
576,579,7/26/2010,26072010
577,580,7/27/2010,27072010
578,581,7/28/2010,28072010
579,582,7/29/2010,29072010
580,583,8/1/2010,1082010
581,584,8/2/2010,2082010
582,585,8/3/2010,3082010
583,586,8/4/2010,4082010
584,587,8/5/2010,5082010
585,588,8/8/2010,8082010
586,589,8/9/2010,9082010
587,590,8/10/2010,10082010
588,591,8/11/2010,11082010
589,592,8/12/2010,12082010
590,593,8/15/2010,15082010
591,594,8/16/2010,16082010
592,595,8/17/2010,17082010
593,596,8/18/2010,18082010
594,597,8/19/2010,19082010
595,598,8/22/2010,22082010
596,599,8/23/2010,23082010
597,600,8/24/2010,24082010
598,601,8/25/2010,25082010
599,602,8/26/2010,26082010
600,603,8/29/2010,29082010
601,604,8/30/2010,30082010
602,605,8/31/2010,31082010
603,606,9/1/2010,1092010
604,607,9/2/2010,2092010
605,608,9/5/2010,5092010
606,609,9/6/2010,6092010
607,610,9/7/2010,7092010
608,611,9/8/2010,8092010
609,612,9/9/2010,9092010
610,613,9/12/2010,12092010
611,614,9/13/2010,13092010
612,615,9/14/2010,14092010
613,616,9/15/2010,15092010
614,617,9/16/2010,16092010
615,618,9/19/2010,19092010
616,619,9/20/2010,20092010
617,620,9/21/2010,21092010
618,621,9/22/2010,22092010
619,622,9/23/2010,23092010
620,623,9/26/2010,26092010
621,624,9/27/2010,27092010
622,625,9/28/2010,28092010
623,626,9/29/2010,29092010
624,627,9/30/2010,30092010
625,628,10/3/2010,3102010
626,629,10/4/2010,4102010
627,630,10/5/2010,5102010
628,631,10/6/2010,6102010
629,632,10/7/2010,7102010
630,633,10/10/2010,10102010
631,634,10/11/2010,11102010
632,635,10/12/2010,12102010
633,636,10/13/2010,13102010
634,637,10/14/2010,14102010
635,638,10/17/2010,17102010
636,639,10/18/2010,18102010
637,640,10/19/2010,19102010
638,641,10/20/2010,20102010
639,642,10/21/2010,21102010
640,643,10/24/2010,24102010
641,644,10/25/2010,25102010
642,645,10/26/2010,26102010
643,646,10/27/2010,27102010
644,647,10/28/2010,28102010
645,648,10/31/2010,31102010
646,649,11/1/2010,1112010
647,650,11/2/2010,2112010
648,651,11/3/2010,3112010
649,652,11/4/2010,4112010
650,653,11/7/2010,7112010
651,654,11/8/2010,8112010
652,655,11/9/2010,9112010
653,656,11/10/2010,10112010
654,657,11/11/2010,11112010
655,658,11/14/2010,14112010
656,659,11/15/2010,15112010
657,660,11/16/2010,16112010
658,661,11/17/2010,17112010
659,662,11/18/2010,18112010
660,663,11/21/2010,21112010
661,664,11/22/2010,22112010
662,665,11/23/2010,23112010
663,666,11/24/2010,24112010
664,667,11/25/2010,25112010
665,668,11/28/2010,28112010
666,669,11/29/2010,29112010
667,670,11/30/2010,30112010
668,671,12/1/2010,1122010
669,672,12/2/2010,2122010
670,673,12/5/2010,5122010
671,674,12/6/2010,6122010
672,675,12/7/2010,7122010
673,676,12/8/2010,8122010
674,677,12/9/2010,9122010
675,678,12/12/2010,12122010
676,679,12/13/2010,13122010
677,680,12/14/2010,14122010
678,681,12/15/2010,15122010
679,682,12/16/2010,16122010
680,683,12/19/2010,19122010
681,684,12/20/2010,20122010
682,685,12/21/2010,21122010
683,686,12/22/2010,22122010
684,687,12/23/2010,23122010
685,688,12/26/2010,26122010
686,689,12/27/2010,27122010
687,690,12/28/2010,28122010
688,691,12/29/2010,29122010
689,692,12/30/2010,30122010
690,693,1/2/2011,2012011
691,694,1/3/2011,3012011
692,695,1/4/2011,4012011
693,696,1/5/2011,5012011
694,697,1/6/2011,6012011
695,698,1/9/2011,9012011
696,699,1/10/2011,10012011
697,700,1/11/2011,11012011
698,701,1/12/2011,12012011
699,702,1/13/2011,13012011
700,703,1/16/2011,16012011
701,704,1/17/2011,17012011
702,705,1/18/2011,18012011
703,706,1/19/2011,19012011
704,707,1/20/2011,20012011
705,708,1/23/2011,23012011
706,709,1/24/2011,24012011
707,710,1/25/2011,25012011
708,711,1/26/2011,26012011
709,712,1/27/2011,27012011
710,713,1/30/2011,30012011
711,714,1/31/2011,31012011
712,715,2/1/2011,1022011
713,716,2/2/2011,2022011
714,717,2/3/2011,3022011
715,718,2/6/2011,6022011
716,719,2/7/2011,7022011
717,720,2/8/2011,8022011
718,721,2/9/2011,9022011
719,722,2/10/2011,10022011
720,723,2/13/2011,13022011
721,724,2/14/2011,14022011
722,725,2/15/2011,15022011
723,726,2/16/2011,16022011
724,727,2/17/2011,17022011
725,728,2/20/2011,20022011
726,729,2/21/2011,21022011
727,730,2/22/2011,22022011
728,731,2/23/2011,23022011
729,732,2/24/2011,24022011
730,733,2/27/2011,27022011
731,734,2/28/2011,28022011
732,735,3/1/2011,1032011
733,736,3/2/2011,2032011
734,737,3/3/2011,3032011
735,738,3/6/2011,6032011
736,739,3/7/2011,7032011
737,740,3/8/2011,8032011
738,741,3/9/2011,9032011
739,742,3/10/2011,10032011
740,743,3/13/2011,13032011
741,744,3/14/2011,14032011
742,745,3/15/2011,15032011
743,746,3/16/2011,16032011
744,747,3/17/2011,17032011
745,748,3/20/2011,20032011
746,749,3/21/2011,21032011
747,750,3/22/2011,22032011
748,751,3/23/2011,23032011
749,752,3/24/2011,24032011
750,753,3/27/2011,27032011
751,754,3/28/2011,28032011
752,755,3/29/2011,29032011
753,756,3/30/2011,30032011
754,757,3/31/2011,31032011
755,758,4/3/2011,3042011
756,759,4/4/2011,4042011
757,760,4/5/2011,5042011
758,761,4/6/2011,6042011
759,762,4/7/2011,7042011
760,763,4/10/2011,10042011
761,764,4/11/2011,11042011
762,765,4/12/2011,12042011
763,766,4/13/2011,13042011
764,767,4/14/2011,14042011
765,768,4/17/2011,17042011
766,769,4/18/2011,18042011
767,770,4/19/2011,19042011
768,771,4/20/2011,20042011
769,772,4/21/2011,21042011
770,773,4/24/2011,24042011
771,774,4/25/2011,25042011
772,775,4/26/2011,26042011
773,776,4/27/2011,27042011
774,777,4/28/2011,28042011
775,778,5/1/2011,1052011
776,779,5/2/2011,2052011
777,780,5/3/2011,3052011
778,781,5/4/2011,4052011
779,782,5/5/2011,5052011
780,783,5/8/2011,8052011
781,784,5/9/2011,9052011
782,785,5/10/2011,10052011
783,786,5/11/2011,11052011
784,787,5/12/2011,12052011
785,788,5/15/2011,15052011
786,789,5/16/2011,16052011
787,790,5/17/2011,17052011
788,791,5/18/2011,18052011
789,792,5/19/2011,19052011
790,793,5/22/2011,22052011
791,794,5/23/2011,23052011
792,795,5/24/2011,24052011
793,796,5/25/2011,25052011
794,797,5/26/2011,26052011
795,798,5/29/2011,29052011
796,799,5/30/2011,30052011
797,800,5/31/2011,31052011
798,801,6/1/2011,1062011
799,802,6/2/2011,2062011
800,803,6/5/2011,5062011
801,804,6/6/2011,6062011
802,805,6/7/2011,7062011
803,806,6/8/2011,8062011
804,807,6/9/2011,9062011
805,808,6/12/2011,12062011
806,809,6/13/2011,13062011
807,810,6/14/2011,14062011
808,811,6/15/2011,15062011
809,812,6/16/2011,16062011
810,813,6/19/2011,19062011
811,814,6/20/2011,20062011
812,815,6/21/2011,21062011
813,816,6/22/2011,22062011
814,817,6/23/2011,23062011
815,818,6/26/2011,26062011
816,819,6/27/2011,27062011
817,820,6/28/2011,28062011
818,821,6/29/2011,29062011
819,822,6/30/2011,30062011
820,823,7/3/2011,3072011
821,824,7/4/2011,4072011
822,825,7/5/2011,5072011
823,826,7/6/2011,6072011
824,827,7/7/2011,7072011
825,828,7/10/2011,10072011
826,829,7/11/2011,11072011
827,830,7/12/2011,12072011
828,831,7/13/2011,13072011
829,832,7/14/2011,14072011
830,833,7/17/2011,17072011
831,834,7/18/2011,18072011
832,835,7/19/2011,19072011
833,836,7/20/2011,20072011
834,837,7/21/2011,21072011
835,838,7/24/2011,24072011
836,839,7/25/2011,25072011
837,840,7/26/2011,26072011
838,841,7/27/2011,27072011
839,842,7/28/2011,28072011
840,843,7/31/2011,31072011
841,844,8/1/2011,1082011
842,845,8/2/2011,2082011
843,846,8/3/2011,3082011
844,847,8/4/2011,4082011
845,848,8/7/2011,7082011
846,849,8/8/2011,8082011
847,850,8/9/2011,9082011
848,851,8/10/2011,10082011
849,852,8/11/2011,11082011
850,853,8/14/2011,14082011
851,854,8/15/2011,15082011
852,855,8/16/2011,16082011
853,856,8/17/2011,17082011
854,857,8/18/2011,18082011
855,858,8/21/2011,21082011
856,859,8/22/2011,22082011
857,860,8/23/2011,23082011
858,861,8/24/2011,24082011
859,862,8/25/2011,25082011
860,863,8/28/2011,28082011
861,864,8/29/2011,29082011
862,865,8/30/2011,30082011
863,866,8/31/2011,31082011
864,867,9/1/2011,1092011
865,868,9/4/2011,4092011
866,869,9/5/2011,5092011
867,870,9/6/2011,6092011
868,871,9/7/2011,7092011
869,872,9/8/2011,8092011
870,873,9/11/2011,11092011
871,874,9/12/2011,12092011
872,875,9/13/2011,13092011
873,876,9/14/2011,14092011
874,877,9/15/2011,15092011
875,878,9/18/2011,18092011
876,879,9/19/2011,19092011
877,880,9/20/2011,20092011
878,881,9/21/2011,21092011
879,882,9/22/2011,22092011
880,883,9/25/2011,25092011
881,884,9/26/2011,26092011
882,885,9/27/2011,27092011
883,886,9/28/2011,28092011
884,887,9/29/2011,29092011
885,888,10/2/2011,2102011
886,889,10/3/2011,3102011
887,890,10/4/2011,4102011
888,891,10/5/2011,5102011
889,892,10/6/2011,6102011
890,893,10/9/2011,9102011
891,894,10/10/2011,10102011
892,895,10/11/2011,11102011
893,896,10/12/2011,12102011
894,897,10/13/2011,13102011
895,898,10/16/2011,16102011
896,899,10/17/2011,17102011
897,900,10/18/2011,18102011
898,901,10/19/2011,19102011
899,902,10/20/2011,20102011
900,903,10/23/2011,23102011
901,904,10/24/2011,24102011
902,905,10/25/2011,25102011
903,906,10/26/2011,26102011
904,907,10/27/2011,27102011
905,908,10/30/2011,30102011
906,909,10/31/2011,31102011
907,910,11/1/2011,1112011
908,911,11/2/2011,2112011
909,912,11/3/2011,3112011
910,913,11/6/2011,6112011
911,914,11/7/2011,7112011
912,915,11/8/2011,8112011
913,916,11/9/2011,9112011
914,917,11/10/2011,10112011
915,918,11/13/2011,13112011
916,919,11/14/2011,14112011
917,920,11/15/2011,15112011
918,921,11/16/2011,16112011
919,922,11/17/2011,17112011
920,923,11/20/2011,20112011
921,924,11/21/2011,21112011
922,925,11/22/2011,22112011
923,926,11/23/2011,23112011
924,927,11/24/2011,24112011
925,928,11/27/2011,27112011
926,929,11/28/2011,28112011
927,930,11/29/2011,29112011
928,931,11/30/2011,30112011
929,932,12/1/2011,1122011
930,933,12/4/2011,4122011
931,934,12/5/2011,5122011
932,935,12/6/2011,6122011
933,936,12/7/2011,7122011
934,937,12/8/2011,8122011
935,938,12/11/2011,11122011
936,939,12/12/2011,12122011
937,940,12/13/2011,13122011
938,941,12/14/2011,14122011
939,942,12/15/2011,15122011
940,943,12/18/2011,18122011
941,944,12/19/2011,19122011
942,945,12/20/2011,20122011
943,946,12/21/2011,21122011
944,947,12/22/2011,22122011
945,948,12/25/2011,25122011
946,949,12/26/2011,26122011
947,950,12/27/2011,27122011
948,951,12/28/2011,28122011
949,952,12/29/2011,29122011
950,953,1/1/2012,1012012
951,954,1/2/2012,2012012
952,955,1/3/2012,3012012
953,956,1/4/2012,4012012
954,957,1/5/2012,5012012
955,958,1/8/2012,8012012
956,959,1/9/2012,9012012
957,960,1/10/2012,10012012
958,961,1/11/2012,11012012
959,962,1/12/2012,12012012
960,963,1/15/2012,15012012
961,964,1/16/2012,16012012
962,965,1/17/2012,17012012
963,966,1/18/2012,18012012
964,967,1/19/2012,19012012
965,968,1/22/2012,22012012
966,969,1/23/2012,23012012
967,970,1/24/2012,24012012
968,971,1/25/2012,25012012
969,972,1/26/2012,26012012
970,973,1/29/2012,29012012
971,974,1/30/2012,30012012
972,975,1/31/2012,31012012
973,976,2/1/2012,1022012
974,977,2/2/2012,2022012
975,978,2/5/2012,5022012
976,979,2/6/2012,6022012
977,980,2/7/2012,7022012
978,981,2/8/2012,8022012
979,982,2/9/2012,9022012
980,983,2/12/2012,12022012
981,984,2/13/2012,13022012
982,985,2/14/2012,14022012
983,986,2/15/2012,15022012
984,987,2/16/2012,16022012
985,988,2/19/2012,19022012
986,989,2/20/2012,20022012
987,990,2/21/2012,21022012
988,991,2/22/2012,22022012
989,992,2/23/2012,23022012
990,993,2/26/2012,26022012
991,994,2/27/2012,27022012
992,995,2/28/2012,28022012
993,996,2/29/2012,29022012
994,997,3/1/2012,1032012
995,998,3/4/2012,4032012
996,999,3/5/2012,5032012
997,1000,3/6/2012,6032012
998,1001,3/7/2012,7032012
999,1002,3/8/2012,8032012
1000,1003,3/11/2012,11032012
1001,1004,3/12/2012,12032012
1002,1005,3/13/2012,13032012
1003,1006,3/14/2012,14032012
1004,1007,3/15/2012,15032012
1005,1008,3/18/2012,18032012
1006,1009,3/19/2012,19032012
1007,1010,3/20/2012,20032012
1008,1011,3/21/2012,21032012
1009,1012,3/22/2012,22032012
1010,1013,3/25/2012,25032012
1011,1014,3/26/2012,26032012
1012,1015,3/27/2012,27032012
1013,1016,3/28/2012,28032012
1014,1017,3/29/2012,29032012
1015,1018,4/1/2012,1042012
1016,1019,4/2/2012,2042012
1017,1020,4/3/2012,3042012
1018,1021,4/4/2012,4042012
1019,1022,4/5/2012,5042012
1020,1023,4/8/2012,8042012
1021,1024,4/9/2012,9042012
1022,1025,4/10/2012,10042012
1023,1026,4/11/2012,11042012
1024,1027,4/12/2012,12042012
1025,1028,4/15/2012,15042012
1026,1029,4/16/2012,16042012
1027,1030,4/17/2012,17042012
1028,1031,4/18/2012,18042012
1029,1032,4/19/2012,19042012
1030,1033,4/22/2012,22042012
1031,1034,4/23/2012,23042012
1032,1035,4/24/2012,24042012
1033,1036,4/25/2012,25042012
1034,1037,4/26/2012,26042012
1035,1038,4/29/2012,29042012
1036,1039,4/30/2012,30042012
1037,1040,5/1/2012,1052012
1038,1041,5/2/2012,2052012
1039,1042,5/3/2012,3052012
1040,1043,5/6/2012,6052012
1041,1044,5/7/2012,7052012
1042,1045,5/8/2012,8052012
1043,1046,5/9/2012,9052012
1044,1047,5/10/2012,10052012
1045,1048,5/13/2012,13052012
1046,1049,5/14/2012,14052012
1047,1050,5/15/2012,15052012
1048,1051,5/16/2012,16052012
1049,1052,5/17/2012,17052012
1050,1053,5/20/2012,20052012
1051,1054,5/21/2012,21052012
1052,1055,5/22/2012,22052012
1053,1056,5/23/2012,23052012
1054,1057,5/24/2012,24052012
1055,1058,5/27/2012,27052012
1056,1059,5/28/2012,28052012
1057,1060,5/29/2012,29052012
1058,1061,5/30/2012,30052012
1059,1062,5/31/2012,31052012
1060,1063,6/3/2012,3062012
1061,1064,6/4/2012,4062012
1062,1065,6/5/2012,5062012
1063,1066,6/6/2012,6062012
1064,1067,6/7/2012,7062012
1065,1068,6/10/2012,10062012
1066,1069,6/11/2012,11062012
1067,1070,6/12/2012,12062012
1068,1071,6/13/2012,13062012
1069,1072,6/14/2012,14062012
1070,1073,6/17/2012,17062012
1071,1074,6/18/2012,18062012
1072,1075,6/19/2012,19062012
1073,1076,6/20/2012,20062012
1074,1077,6/21/2012,21062012
1075,1078,6/24/2012,24062012
1076,1079,6/25/2012,25062012
1077,1080,6/26/2012,26062012
1078,1081,6/27/2012,27062012
1079,1082,6/28/2012,28062012
1080,1083,7/1/2012,1072012
1081,1084,7/2/2012,2072012
1082,1085,7/3/2012,3072012
1083,1086,7/4/2012,4072012
1084,1087,7/5/2012,5072012
1085,1088,7/8/2012,8072012
1086,1089,7/9/2012,9072012
1087,1090,7/10/2012,10072012
1088,1091,7/11/2012,11072012
1089,1092,7/12/2012,12072012
1090,1093,7/15/2012,15072012
1091,1094,7/16/2012,16072012
1092,1095,7/17/2012,17072012
1093,1096,7/18/2012,18072012
1094,1097,7/19/2012,19072012
1095,1098,7/22/2012,22072012
1096,1099,7/23/2012,23072012
1097,1100,7/24/2012,24072012
1098,1101,7/25/2012,25072012
1099,1102,7/26/2012,26072012
1100,1103,7/29/2012,29072012
1101,1104,7/30/2012,30072012
1102,1105,7/31/2012,31072012
1103,1106,8/1/2012,1082012
1104,1107,8/2/2012,2082012
1105,1108,8/5/2012,5082012
1106,1109,8/6/2012,6082012
1107,1110,8/7/2012,7082012
1108,1111,8/8/2012,8082012
1109,1112,8/9/2012,9082012
1110,1113,8/12/2012,12082012
1111,1114,8/13/2012,13082012
1112,1115,8/14/2012,14082012
1113,1116,8/15/2012,15082012
1114,1117,8/16/2012,16082012
1115,1118,8/19/2012,19082012
1116,1119,8/20/2012,20082012
1117,1120,8/21/2012,21082012
1118,1121,8/22/2012,22082012
1119,1122,8/23/2012,23082012
1120,1123,8/26/2012,26082012
1121,1124,8/27/2012,27082012
1122,1125,8/28/2012,28082012
1123,1126,8/29/2012,29082012
1124,1127,8/30/2012,30082012
1125,1128,9/2/2012,2092012
1126,1129,9/3/2012,3092012
1127,1130,9/4/2012,4092012
1128,1131,9/5/2012,5092012
1129,1132,9/6/2012,6092012
1130,1133,9/9/2012,9092012
1131,1134,9/10/2012,10092012
1132,1135,9/11/2012,11092012
1133,1136,9/12/2012,12092012
1134,1137,9/13/2012,13092012
1135,1138,9/16/2012,16092012
1136,1139,9/17/2012,17092012
1137,1140,9/18/2012,18092012
1138,1141,9/19/2012,19092012
1139,1142,9/20/2012,20092012
1140,1143,9/23/2012,23092012
1141,1144,9/24/2012,24092012
1142,1145,9/25/2012,25092012
1143,1146,9/26/2012,26092012
1144,1147,9/27/2012,27092012
1145,1148,9/30/2012,30092012
1146,1149,10/1/2012,1102012
1147,1150,10/2/2012,2102012
1148,1151,10/3/2012,3102012
1149,1152,10/4/2012,4102012
1150,1153,10/7/2012,7102012
1151,1154,10/8/2012,8102012
1152,1155,10/9/2012,9102012
1153,1156,10/10/2012,10102012
1154,1157,10/11/2012,11102012
1155,1158,10/14/2012,14102012
1156,1159,10/15/2012,15102012
1157,1160,10/16/2012,16102012
1158,1161,10/17/2012,17102012
1159,1162,10/18/2012,18102012
1160,1163,10/21/2012,21102012
1161,1164,10/22/2012,22102012
1162,1165,10/23/2012,23102012
1163,1166,10/24/2012,24102012
1164,1167,10/25/2012,25102012
1165,1168,10/28/2012,28102012
1166,1169,10/29/2012,29102012
1167,1170,10/30/2012,30102012
1168,1171,10/31/2012,31102012
1169,1172,11/1/2012,1112012
1170,1173,11/4/2012,4112012
1171,1174,11/5/2012,5112012
1172,1175,11/6/2012,6112012
1173,1176,11/7/2012,7112012
1174,1177,11/8/2012,8112012
1175,1178,11/11/2012,11112012
1176,1179,11/12/2012,12112012
1177,1180,11/13/2012,13112012
1178,1181,11/14/2012,14112012
1179,1182,11/15/2012,15112012
1180,1183,11/18/2012,18112012
1181,1184,11/19/2012,19112012
1182,1185,11/20/2012,20112012
1183,1186,11/21/2012,21112012
1184,1187,11/22/2012,22112012
1185,1188,11/25/2012,25112012
1186,1189,11/26/2012,26112012
1187,1190,11/27/2012,27112012
1188,1191,11/28/2012,28112012
1189,1192,11/29/2012,29112012
1190,1193,12/2/2012,2122012
1191,1194,12/3/2012,3122012
1192,1195,12/4/2012,4122012
1193,1196,12/5/2012,5122012
1194,1197,12/6/2012,6122012
1195,1198,12/9/2012,9122012
1196,1199,12/10/2012,10122012
1197,1200,12/11/2012,11122012
1198,1201,12/12/2012,12122012
1199,1202,12/13/2012,13122012
1200,1203,12/16/2012,16122012
1201,1204,12/17/2012,17122012
1202,1205,12/18/2012,18122012
1203,1206,12/19/2012,19122012
1204,1207,12/20/2012,20122012
1205,1208,12/23/2012,23122012
1206,1209,12/24/2012,24122012
1207,1210,12/25/2012,25122012
1208,1211,12/26/2012,26122012
1209,1212,12/27/2012,27122012
1210,1213,12/30/2012,30122012
1211,1214,12/31/2012,31122012
1212,1215,1/1/2013,1012013
1213,1216,1/2/2013,2012013
1214,1217,1/3/2013,3012013
1215,1218,1/6/2013,6012013
1216,1219,1/7/2013,7012013
1217,1220,1/8/2013,8012013
1218,1221,1/9/2013,9012013
1219,1222,1/10/2013,10012013
1220,1223,1/13/2013,13012013
1221,1224,1/14/2013,14012013
1222,1225,1/15/2013,15012013
1223,1226,1/16/2013,16012013
1224,1227,1/17/2013,17012013
1225,1228,1/20/2013,20012013
1226,1229,1/21/2013,21012013
1227,1230,1/22/2013,22012013
1228,1231,1/23/2013,23012013
1229,1232,1/24/2013,24012013
1230,1233,1/27/2013,27012013
1231,1234,1/28/2013,28012013
1232,1235,1/29/2013,29012013
1233,1236,1/30/2013,30012013
1234,1237,1/31/2013,31012013
1235,1238,2/3/2013,3022013
1236,1239,2/4/2013,4022013
1237,1240,2/5/2013,5022013
1238,1241,2/6/2013,6022013
1239,1242,2/7/2013,7022013
1240,1243,2/10/2013,10022013
1241,1244,2/11/2013,11022013
1242,1245,2/12/2013,12022013
1243,1246,2/13/2013,13022013
1244,1247,2/14/2013,14022013
1245,1248,2/17/2013,17022013
1246,1249,2/18/2013,18022013
1247,1250,2/19/2013,19022013
1248,1251,2/20/2013,20022013
1249,1252,2/21/2013,21022013
1250,1253,2/24/2013,24022013
1251,1254,2/25/2013,25022013
1252,1255,2/26/2013,26022013
1253,1256,2/27/2013,27022013
1254,1257,2/28/2013,28022013
1255,1258,3/3/2013,3032013
1256,1259,3/4/2013,4032013
1257,1260,3/5/2013,5032013
1258,1261,3/6/2013,6032013
1259,1262,3/7/2013,7032013
1260,1263,3/10/2013,10032013
1261,1264,3/11/2013,11032013
1262,1265,3/12/2013,12032013
1263,1266,3/13/2013,13032013
1264,1267,3/14/2013,14032013
1265,1268,3/17/2013,17032013
1266,1269,3/18/2013,18032013
1267,1270,3/19/2013,19032013
1268,1271,3/20/2013,20032013
1269,1272,3/21/2013,21032013
1270,1273,3/24/2013,24032013
1271,1274,3/25/2013,25032013
1272,1275,3/26/2013,26032013
1273,1276,3/27/2013,27032013
1274,1277,3/28/2013,28032013
1275,1279,4/1/2013,1042013
1276,1280,4/2/2013,2042013
1277,1281,4/3/2013,3042013
1278,1282,4/4/2013,4042013
1279,1283,4/7/2013,7042013
1280,1284,4/8/2013,8042013
1281,1285,4/9/2013,9042013
1282,1286,4/10/2013,10042013
1283,1287,4/11/2013,11042013
1284,1288,4/14/2013,14042013
1285,1289,4/15/2013,15042013
1286,1290,4/16/2013,16042013
1287,1291,4/17/2013,17042013
1288,1292,4/18/2013,18042013
1289,1293,4/21/2013,21042013
1290,1294,4/22/2013,22042013
1291,1295,4/23/2013,23042013
1292,1296,4/24/2013,24042013
1293,1297,4/25/2013,25042013
1294,1298,4/28/2013,28042013
1295,1299,4/29/2013,29042013
1296,1300,4/30/2013,30042013
