,Date,Volatility_Time
0,2008-05-06 00:00:00,0.1127138736
1,2008-05-07 00:00:00,0.182044730477
2,2008-05-08 00:00:00,0.123432020733
3,2008-05-11 00:00:00,0.159309922922
4,2008-05-12 00:00:00,0.143982077551
5,2008-05-13 00:00:00,0.127694554193
6,2008-05-14 00:00:00,0.173167752833
7,2008-05-15 00:00:00,0.147439034173
8,2008-05-18 00:00:00,0.125985692802
9,2008-05-19 00:00:00,0.122319602417
10,2008-05-20 00:00:00,0.126493714727
11,2008-05-21 00:00:00,0.151814669066
12,2008-05-22 00:00:00,0.124813798302
13,2008-05-25 00:00:00,0.0848895202537
14,2008-05-26 00:00:00,0.130333363146
15,2008-05-27 00:00:00,0.13190943862
16,2008-05-28 00:00:00,0.122200059815
17,2008-05-29 00:00:00,0.11825647085
18,2008-06-01 00:00:00,0.118153571345
19,2008-06-02 00:00:00,0.119728935545
20,2008-06-03 00:00:00,0.118579063583
21,2008-06-04 00:00:00,0.216304854863
22,2008-06-05 00:00:00,0.122567918077
23,2008-06-08 00:00:00,0.13109115837
24,2008-06-09 00:00:00,0.16752276988
25,2008-06-10 00:00:00,0.126067618178
26,2008-06-11 00:00:00,0.118748453781
27,2008-06-12 00:00:00,0.142776259167
28,2008-06-15 00:00:00,0.122021781437
29,2008-06-16 00:00:00,0.119136295364
30,2008-06-17 00:00:00,0.120605288364
31,2008-06-18 00:00:00,0.120830767546
32,2008-06-19 00:00:00,0.127054459719
33,2008-06-22 00:00:00,0.106404058168
34,2008-06-23 00:00:00,0.124250982001
35,2008-06-24 00:00:00,0.118128756907
36,2008-06-25 00:00:00,0.134822592044
37,2008-06-26 00:00:00,0.154401623069
38,2008-06-29 00:00:00,0.14090240798
39,2008-06-30 00:00:00,0.138972472923
40,2008-07-01 00:00:00,0.112558758418
41,2008-07-02 00:00:00,0.137693368144
42,2008-07-03 00:00:00,0.119271353498
43,2008-07-06 00:00:00,0.130910150085
44,2008-07-07 00:00:00,0.136085338184
45,2008-07-08 00:00:00,0.12936874543
46,2008-07-09 00:00:00,0.129338364336
47,2008-07-10 00:00:00,0.150270716322
48,2008-07-13 00:00:00,0.120409316964
49,2008-07-14 00:00:00,0.156653096504
50,2008-07-15 00:00:00,0.129154147802
51,2008-07-16 00:00:00,0.136485818472
52,2008-07-17 00:00:00,0.126409248095
53,2008-07-20 00:00:00,0.113771422423
54,2008-07-21 00:00:00,0.118426652776
55,2008-07-22 00:00:00,0.138072642287
56,2008-07-23 00:00:00,0.205481199309
57,2008-07-24 00:00:00,0.147125810312
58,2008-07-27 00:00:00,0.112299216527
59,2008-07-28 00:00:00,0.138743347568
60,2008-07-29 00:00:00,0.149672892463
61,2008-07-30 00:00:00,0.154534041947
62,2008-07-31 00:00:00,0.168596687284
63,2008-08-03 00:00:00,0.122703207919
64,2008-08-04 00:00:00,0.138806361659
65,2008-08-05 00:00:00,0.123253715471
66,2008-08-06 00:00:00,0.140190921961
67,2008-08-07 00:00:00,0.227780820604
68,2008-08-10 00:00:00,0.184154249497
69,2008-08-11 00:00:00,0.196945147279
70,2008-08-12 00:00:00,0.264097419897
71,2008-08-13 00:00:00,0.192647116336
72,2008-08-14 00:00:00,0.205585647916
73,2008-08-17 00:00:00,0.15999394495
74,2008-08-18 00:00:00,0.156401646608
75,2008-08-19 00:00:00,0.145790439614
76,2008-08-20 00:00:00,0.155930139853
77,2008-08-21 00:00:00,0.131778388269
78,2008-08-24 00:00:00,0.141258309411
79,2008-08-25 00:00:00,0.173222415929
80,2008-08-26 00:00:00,0.163853482281
81,2008-08-27 00:00:00,0.163864159897
82,2008-08-28 00:00:00,0.14150655229
83,2008-08-31 00:00:00,0.131509976504
84,2008-09-01 00:00:00,0.213299175461
85,2008-09-02 00:00:00,0.250095581506
86,2008-09-03 00:00:00,0.199393754
87,2008-09-04 00:00:00,0.327258170128
88,2008-09-07 00:00:00,0.298462064383
89,2008-09-08 00:00:00,0.281801865075
90,2008-09-09 00:00:00,0.24430733699
91,2008-09-10 00:00:00,0.290607748087
92,2008-09-11 00:00:00,0.279286963919
93,2008-09-14 00:00:00,0.317586961753
94,2008-09-15 00:00:00,0.307782537438
95,2008-09-16 00:00:00,0.359892910948
96,2008-09-17 00:00:00,0.315720819356
97,2008-09-18 00:00:00,0.325423315255
98,2008-09-21 00:00:00,0.2653653838
99,2008-09-22 00:00:00,0.236605746424
100,2008-09-23 00:00:00,0.237549175715
101,2008-09-24 00:00:00,0.209802305998
102,2008-09-25 00:00:00,0.199128881593
103,2008-09-28 00:00:00,0.213342127728
104,2008-09-29 00:00:00,0.317622899017
105,2008-09-30 00:00:00,0.24052183551
106,2008-10-01 00:00:00,0.24693752834
107,2008-10-02 00:00:00,0.281517433035
108,2008-10-05 00:00:00,0.466557199087
109,2008-10-06 00:00:00,0.615204195243
110,2008-10-07 00:00:00,0.839391335102
111,2008-10-08 00:00:00,0.567495886149
112,2008-10-09 00:00:00,0.766513487423
113,2008-10-12 00:00:00,0.557334027486
114,2008-10-13 00:00:00,0.474953304895
115,2008-10-14 00:00:00,0.453754754936
116,2008-10-15 00:00:00,0.650940650283
117,2008-10-16 00:00:00,0.429054074838
118,2008-10-19 00:00:00,0.345493425308
119,2008-10-20 00:00:00,0.316859536393
120,2008-10-21 00:00:00,0.458942389877
121,2008-10-22 00:00:00,0.521708305114
122,2008-10-23 00:00:00,0.658586341273
123,2008-10-26 00:00:00,0.532300221392
124,2008-10-27 00:00:00,0.499483245009
125,2008-10-28 00:00:00,0.560877617013
126,2008-10-29 00:00:00,0.555339409991
127,2008-10-30 00:00:00,0.490441906411
128,2008-11-02 00:00:00,0.315934213336
129,2008-11-03 00:00:00,0.382414069319
130,2008-11-04 00:00:00,0.38833368449
131,2008-11-05 00:00:00,0.420973402258
132,2008-11-06 00:00:00,0.341689429843
133,2008-11-09 00:00:00,0.344852410191
134,2008-11-10 00:00:00,0.363050388565
135,2008-11-11 00:00:00,0.414842768523
136,2008-11-12 00:00:00,0.520692593433
137,2008-11-13 00:00:00,0.397357545932
138,2008-11-16 00:00:00,0.357373118119
139,2008-11-17 00:00:00,0.305814162555
140,2008-11-18 00:00:00,0.319022945284
141,2008-11-19 00:00:00,0.413680696711
142,2008-11-20 00:00:00,0.430573401682
143,2008-11-23 00:00:00,0.360526339608
144,2008-11-24 00:00:00,0.487181200101
145,2008-11-25 00:00:00,0.302662490731
146,2008-11-26 00:00:00,0.234196175222
147,2008-11-27 00:00:00,0.224365981368
148,2008-11-30 00:00:00,0.292695566119
149,2008-12-01 00:00:00,0.341202870907
150,2008-12-02 00:00:00,0.287255056972
151,2008-12-03 00:00:00,0.27124847581
152,2008-12-04 00:00:00,0.35779398089
153,2008-12-07 00:00:00,0.329815027524
154,2008-12-08 00:00:00,0.300428045493
155,2008-12-09 00:00:00,0.303331685093
156,2008-12-10 00:00:00,0.312544793326
157,2008-12-11 00:00:00,0.327366497791
158,2008-12-14 00:00:00,0.306894644233
159,2008-12-15 00:00:00,0.364474587658
160,2008-12-16 00:00:00,0.350370164596
161,2008-12-17 00:00:00,0.40462705404
162,2008-12-18 00:00:00,0.36757374282
163,2008-12-21 00:00:00,0.261740840864
164,2008-12-22 00:00:00,0.237068884574
165,2008-12-23 00:00:00,0.221603329286
166,2008-12-24 00:00:00,0.209929676383
167,2008-12-25 00:00:00,0.194546132385
168,2008-12-28 00:00:00,0.23413825507
169,2008-12-29 00:00:00,0.256634570613
170,2008-12-30 00:00:00,0.361808631851
171,2008-12-31 00:00:00,0.236049926497
172,2009-01-01 00:00:00,0.243761449873
173,2009-01-04 00:00:00,0.286446103595
174,2009-01-05 00:00:00,0.26030676939
175,2009-01-06 00:00:00,0.253202723832
176,2009-01-07 00:00:00,0.280840437401
177,2009-01-08 00:00:00,0.270602057306
178,2009-01-11 00:00:00,0.243989498681
179,2009-01-12 00:00:00,0.354473879321
180,2009-01-13 00:00:00,0.297558465211
181,2009-01-14 00:00:00,0.389266254488
182,2009-01-15 00:00:00,0.354847004526
183,2009-01-18 00:00:00,0.227138280986
184,2009-01-19 00:00:00,0.32410861228
185,2009-01-20 00:00:00,0.380980667397
186,2009-01-21 00:00:00,0.354372713794
187,2009-01-22 00:00:00,0.307349659611
188,2009-01-25 00:00:00,0.305522784471
189,2009-01-26 00:00:00,0.283562771666
190,2009-01-27 00:00:00,0.383106204278
191,2009-01-28 00:00:00,0.308214831241
192,2009-01-29 00:00:00,0.296533220207
193,2009-02-01 00:00:00,0.309738939885
194,2009-02-02 00:00:00,0.338242661329
195,2009-02-03 00:00:00,0.343011940454
196,2009-02-04 00:00:00,0.333658176989
197,2009-02-05 00:00:00,0.322939153346
198,2009-02-08 00:00:00,0.298866543421
199,2009-02-09 00:00:00,0.418829963669
200,2009-02-10 00:00:00,0.328437405669
201,2009-02-11 00:00:00,0.359756328328
202,2009-02-12 00:00:00,0.341141824448
203,2009-02-15 00:00:00,0.217893526911
204,2009-02-16 00:00:00,0.263972018617
205,2009-02-17 00:00:00,0.24090177501
206,2009-02-18 00:00:00,0.268613928829
207,2009-02-19 00:00:00,0.327785162451
208,2009-02-22 00:00:00,0.287641295717
209,2009-02-23 00:00:00,0.283938393885
210,2009-02-24 00:00:00,0.22576195101
211,2009-02-25 00:00:00,0.211420177917
212,2009-02-26 00:00:00,0.266563830265
213,2009-03-01 00:00:00,0.280915484615
214,2009-03-02 00:00:00,0.256308172687
215,2009-03-03 00:00:00,0.274481496121
216,2009-03-04 00:00:00,0.257742842868
217,2009-03-05 00:00:00,0.291775048869
218,2009-03-08 00:00:00,0.234151198945
219,2009-03-09 00:00:00,0.245606782032
220,2009-03-10 00:00:00,0.260822070797
221,2009-03-11 00:00:00,0.326617661133
222,2009-03-12 00:00:00,0.261602392293
223,2009-03-15 00:00:00,0.206648234973
224,2009-03-16 00:00:00,0.187116159405
225,2009-03-17 00:00:00,0.319487462923
226,2009-03-18 00:00:00,0.276940019343
227,2009-03-19 00:00:00,0.251042366123
228,2009-03-22 00:00:00,0.231136200456
229,2009-03-23 00:00:00,0.270670596274
230,2009-03-24 00:00:00,0.289304711383
231,2009-03-25 00:00:00,0.240190062169
232,2009-03-26 00:00:00,0.238815372191
233,2009-03-29 00:00:00,0.25144937152
234,2009-03-30 00:00:00,0.219002185565
235,2009-03-31 00:00:00,0.3228882632
236,2009-04-01 00:00:00,0.255327693598
237,2009-04-02 00:00:00,0.319115630806
238,2009-04-05 00:00:00,0.243537180102
239,2009-04-06 00:00:00,0.25868153424
240,2009-04-07 00:00:00,0.225259771633
241,2009-04-08 00:00:00,0.212546063498
242,2009-04-09 00:00:00,0.123226702097
243,2009-04-12 00:00:00,0.20320249638
244,2009-04-13 00:00:00,0.197662821773
245,2009-04-14 00:00:00,0.247758595717
246,2009-04-15 00:00:00,0.275288544008
247,2009-04-16 00:00:00,0.166828546964
248,2009-04-19 00:00:00,0.224584526605
249,2009-04-20 00:00:00,0.265128739596
250,2009-04-21 00:00:00,0.233640774817
251,2009-04-22 00:00:00,0.242853112437
252,2009-04-23 00:00:00,0.223251003565
253,2009-04-26 00:00:00,0.221697839391
254,2009-04-27 00:00:00,0.253059195144
255,2009-04-28 00:00:00,0.228283066649
256,2009-04-29 00:00:00,0.332761427601
257,2009-04-30 00:00:00,0.211367229065
258,2009-05-03 00:00:00,0.195768169215
259,2009-05-04 00:00:00,0.22477241336
260,2009-05-05 00:00:00,0.234234523653
261,2009-05-06 00:00:00,0.290828893034
262,2009-05-07 00:00:00,0.218913052225
263,2009-05-10 00:00:00,0.20990002103
264,2009-05-11 00:00:00,0.236509521154
265,2009-05-12 00:00:00,0.268032084652
266,2009-05-13 00:00:00,0.233637056197
267,2009-05-14 00:00:00,0.252761712385
268,2009-05-17 00:00:00,0.195969200726
269,2009-05-18 00:00:00,0.216759980297
270,2009-05-19 00:00:00,0.211298784407
271,2009-05-20 00:00:00,0.23347400711
272,2009-05-21 00:00:00,0.238173609301
273,2009-05-24 00:00:00,0.167412625914
274,2009-05-25 00:00:00,0.190547825068
275,2009-05-26 00:00:00,0.227798826062
276,2009-05-27 00:00:00,0.277477499534
277,2009-05-28 00:00:00,0.214913666102
278,2009-05-31 00:00:00,0.215074167629
279,2009-06-01 00:00:00,0.208045703192
280,2009-06-02 00:00:00,0.248327969185
281,2009-06-03 00:00:00,0.319058233184
282,2009-06-04 00:00:00,0.312656815534
283,2009-06-07 00:00:00,0.234944201454
284,2009-06-08 00:00:00,0.233383740874
285,2009-06-09 00:00:00,0.24364837702
286,2009-06-10 00:00:00,0.254355620779
287,2009-06-11 00:00:00,0.177552418461
288,2009-06-14 00:00:00,0.220215205985
289,2009-06-15 00:00:00,0.249757924266
290,2009-06-16 00:00:00,0.272948911536
291,2009-06-17 00:00:00,0.231844358414
292,2009-06-18 00:00:00,0.185228878212
293,2009-06-21 00:00:00,0.185443768879
294,2009-06-22 00:00:00,0.23892044318
295,2009-06-23 00:00:00,0.240051069783
296,2009-06-24 00:00:00,0.21517338197
297,2009-06-25 00:00:00,0.210615441848
298,2009-06-28 00:00:00,0.157405995641
299,2009-06-29 00:00:00,0.177571849273
300,2009-06-30 00:00:00,0.186865555127
301,2009-07-01 00:00:00,0.20834281425
302,2009-07-02 00:00:00,0.139905590225
303,2009-07-05 00:00:00,0.194537679526
304,2009-07-06 00:00:00,0.191157091778
305,2009-07-07 00:00:00,0.236671674378
306,2009-07-08 00:00:00,0.183762424799
307,2009-07-09 00:00:00,0.210158250912
308,2009-07-12 00:00:00,0.188555336104
309,2009-07-13 00:00:00,0.173093010884
310,2009-07-14 00:00:00,0.190227359614
311,2009-07-15 00:00:00,0.210722261557
312,2009-07-16 00:00:00,0.154249818012
313,2009-07-19 00:00:00,0.159077906632
314,2009-07-20 00:00:00,0.18306525544
315,2009-07-21 00:00:00,0.19399137099
316,2009-07-22 00:00:00,0.144606187972
317,2009-07-23 00:00:00,0.157880061802
318,2009-07-26 00:00:00,0.150847058027
319,2009-07-27 00:00:00,0.162101579213
320,2009-07-28 00:00:00,0.189425274326
321,2009-07-29 00:00:00,0.227136011036
322,2009-07-30 00:00:00,0.19227670074
323,2009-08-02 00:00:00,0.154165753071
324,2009-08-03 00:00:00,0.17822712353
325,2009-08-04 00:00:00,0.168636679688
326,2009-08-05 00:00:00,0.159602686783
327,2009-08-06 00:00:00,0.211088028491
328,2009-08-09 00:00:00,0.157936965366
329,2009-08-10 00:00:00,0.16122350323
330,2009-08-11 00:00:00,0.205154574492
331,2009-08-12 00:00:00,0.180944835808
332,2009-08-13 00:00:00,0.196892391585
333,2009-08-16 00:00:00,0.212753913605
334,2009-08-17 00:00:00,0.167314295261
335,2009-08-18 00:00:00,0.185508799695
336,2009-08-19 00:00:00,0.166164503129
337,2009-08-20 00:00:00,0.172525911751
338,2009-08-23 00:00:00,0.148042800204
339,2009-08-24 00:00:00,0.14152292972
340,2009-08-25 00:00:00,0.176706250716
341,2009-08-26 00:00:00,0.165837217031
342,2009-08-27 00:00:00,0.160680754916
343,2009-08-30 00:00:00,0.147457764198
344,2009-08-31 00:00:00,0.201099516836
345,2009-09-01 00:00:00,0.198515976446
346,2009-09-02 00:00:00,0.162499282515
347,2009-09-03 00:00:00,0.174979690896
348,2009-09-06 00:00:00,0.114648972839
349,2009-09-07 00:00:00,0.134781283669
350,2009-09-08 00:00:00,0.145154787492
351,2009-09-09 00:00:00,0.172926835241
352,2009-09-10 00:00:00,0.155670449448
353,2009-09-13 00:00:00,0.153534517863
354,2009-09-14 00:00:00,0.160863480227
355,2009-09-15 00:00:00,0.160843257463
356,2009-09-16 00:00:00,0.126527432257
357,2009-09-17 00:00:00,0.124643658048
358,2009-09-20 00:00:00,0.140638123869
359,2009-09-21 00:00:00,0.169749815653
360,2009-09-22 00:00:00,0.203773071791
361,2009-09-23 00:00:00,0.171472387251
362,2009-09-24 00:00:00,0.197263014786
363,2009-09-27 00:00:00,0.184701292121
364,2009-09-28 00:00:00,0.160434872642
365,2009-09-29 00:00:00,0.160391562571
366,2009-09-30 00:00:00,0.184655973263
367,2009-10-01 00:00:00,0.249113619172
368,2009-10-04 00:00:00,0.17361177262
369,2009-10-05 00:00:00,0.181256762665
370,2009-10-06 00:00:00,0.150999179166
371,2009-10-07 00:00:00,0.142956270712
372,2009-10-08 00:00:00,0.145751109992
373,2009-10-11 00:00:00,0.175946012862
374,2009-10-12 00:00:00,0.166655549162
375,2009-10-13 00:00:00,0.167338444302
376,2009-10-14 00:00:00,0.181401362864
377,2009-10-15 00:00:00,0.167891274417
378,2009-10-18 00:00:00,0.17135085517
379,2009-10-19 00:00:00,0.162834099228
380,2009-10-20 00:00:00,0.198547396674
381,2009-10-21 00:00:00,0.201253821656
382,2009-10-22 00:00:00,0.156710157372
383,2009-10-25 00:00:00,0.167748284741
384,2009-10-26 00:00:00,0.187630735691
385,2009-10-27 00:00:00,0.216923341961
386,2009-10-28 00:00:00,0.249086666409
387,2009-10-29 00:00:00,0.229777807596
388,2009-11-01 00:00:00,0.260600052472
389,2009-11-02 00:00:00,0.242362960263
390,2009-11-03 00:00:00,0.205744491678
391,2009-11-04 00:00:00,0.171298762643
392,2009-11-05 00:00:00,0.18237602534
393,2009-11-08 00:00:00,0.143787798962
394,2009-11-09 00:00:00,0.172080103432
395,2009-11-10 00:00:00,0.140991636625
396,2009-11-11 00:00:00,0.164197077358
397,2009-11-12 00:00:00,0.155419342104
398,2009-11-15 00:00:00,0.143628711413
399,2009-11-16 00:00:00,0.162180173699
400,2009-11-17 00:00:00,0.143677069677
401,2009-11-18 00:00:00,0.182438657363
402,2009-11-19 00:00:00,0.177384951374
403,2009-11-22 00:00:00,0.163759201805
404,2009-11-23 00:00:00,0.165250762357
405,2009-11-24 00:00:00,0.147838293766
406,2009-11-25 00:00:00,0.186672750721
407,2009-11-26 00:00:00,0.271535732989
408,2009-11-29 00:00:00,0.199517806375
409,2009-11-30 00:00:00,0.163800997131
410,2009-12-01 00:00:00,0.137377709791
411,2009-12-02 00:00:00,0.138238776542
412,2009-12-03 00:00:00,0.192152483446
413,2009-12-06 00:00:00,0.168101582148
414,2009-12-07 00:00:00,0.171077809726
415,2009-12-08 00:00:00,0.208573326192
416,2009-12-09 00:00:00,0.186597483382
417,2009-12-10 00:00:00,0.140351017319
418,2009-12-13 00:00:00,0.168741279021
419,2009-12-14 00:00:00,0.142676810804
420,2009-12-15 00:00:00,0.174661830536
421,2009-12-16 00:00:00,0.174554989904
422,2009-12-17 00:00:00,0.190054678477
423,2009-12-20 00:00:00,0.144162692765
424,2009-12-21 00:00:00,0.151215352209
425,2009-12-22 00:00:00,0.142179051312
426,2009-12-23 00:00:00,0.112616662877
427,2009-12-24 00:00:00,0.123824973101
428,2009-12-27 00:00:00,0.106474959472
429,2009-12-28 00:00:00,0.129328290007
430,2009-12-29 00:00:00,0.149919152973
431,2009-12-30 00:00:00,0.17503535167
432,2009-12-31 00:00:00,0.098600123014
433,2010-01-03 00:00:00,0.145480980705
434,2010-01-04 00:00:00,0.164858519225
435,2010-01-05 00:00:00,0.144806457457
436,2010-01-06 00:00:00,0.149270589639
437,2010-01-07 00:00:00,0.176804005111
438,2010-01-10 00:00:00,0.118559687663
439,2010-01-11 00:00:00,0.170609263435
440,2010-01-12 00:00:00,0.15012132021
441,2010-01-13 00:00:00,0.150595244075
442,2010-01-14 00:00:00,0.13723116861
443,2010-01-17 00:00:00,0.107293071244
444,2010-01-18 00:00:00,0.127814434098
445,2010-01-19 00:00:00,0.183968246828
446,2010-01-20 00:00:00,0.198982806236
447,2010-01-21 00:00:00,0.19205509915
448,2010-01-24 00:00:00,0.14896281065
449,2010-01-25 00:00:00,0.18729455262
450,2010-01-26 00:00:00,0.170522924774
451,2010-01-27 00:00:00,0.177166520909
452,2010-01-28 00:00:00,0.183890417731
453,2010-01-31 00:00:00,0.162798645447
454,2010-02-01 00:00:00,0.146809628158
455,2010-02-02 00:00:00,0.146664370782
456,2010-02-03 00:00:00,0.219687597627
457,2010-02-04 00:00:00,0.236688387532
458,2010-02-07 00:00:00,0.171789528254
459,2010-02-08 00:00:00,0.191629060634
460,2010-02-09 00:00:00,0.170602530475
461,2010-02-10 00:00:00,0.171733827247
462,2010-02-11 00:00:00,0.190815817466
463,2010-02-14 00:00:00,0.122245135861
464,2010-02-15 00:00:00,0.148731795322
465,2010-02-16 00:00:00,0.127567157503
466,2010-02-17 00:00:00,0.164217630474
467,2010-02-18 00:00:00,0.217269023498
468,2010-02-21 00:00:00,0.132717881427
469,2010-02-22 00:00:00,0.166452960068
470,2010-02-23 00:00:00,0.179575593831
471,2010-02-24 00:00:00,0.193280387005
472,2010-02-25 00:00:00,0.173791221699
473,2010-02-28 00:00:00,0.167005787978
474,2010-03-01 00:00:00,0.169157177939
475,2010-03-02 00:00:00,0.142625027676
476,2010-03-03 00:00:00,0.181594787744
477,2010-03-04 00:00:00,0.124834181292
478,2010-03-07 00:00:00,0.151772352328
479,2010-03-08 00:00:00,0.155823789187
480,2010-03-09 00:00:00,0.149508259546
481,2010-03-10 00:00:00,0.141521352962
482,2010-03-11 00:00:00,0.150030772743
483,2010-03-14 00:00:00,0.136270374794
484,2010-03-15 00:00:00,0.12864541678
485,2010-03-16 00:00:00,0.12692908049
486,2010-03-17 00:00:00,0.131260216391
487,2010-03-18 00:00:00,0.132196818964
488,2010-03-21 00:00:00,0.143581444496
489,2010-03-22 00:00:00,0.13200365173
490,2010-03-23 00:00:00,0.158479080884
491,2010-03-24 00:00:00,0.139054831214
492,2010-03-25 00:00:00,0.154937722084
493,2010-03-28 00:00:00,0.125185735966
494,2010-03-29 00:00:00,0.10743447771
495,2010-03-30 00:00:00,0.151154667792
496,2010-03-31 00:00:00,0.168065599263
497,2010-04-01 00:00:00,0.0988371259188
498,2010-04-04 00:00:00,0.110369993065
499,2010-04-05 00:00:00,0.160067201523
500,2010-04-06 00:00:00,0.134422559106
501,2010-04-07 00:00:00,0.133279133577
502,2010-04-08 00:00:00,0.139717259245
503,2010-04-11 00:00:00,0.135015314487
504,2010-04-12 00:00:00,0.123901387566
505,2010-04-13 00:00:00,0.162542464482
506,2010-04-14 00:00:00,0.124037127999
507,2010-04-15 00:00:00,0.159239994192
508,2010-04-18 00:00:00,0.137801315358
509,2010-04-19 00:00:00,0.173732236073
510,2010-04-20 00:00:00,0.131766176189
511,2010-04-21 00:00:00,0.135772940431
512,2010-04-22 00:00:00,0.148034989686
513,2010-04-25 00:00:00,0.146229314188
514,2010-04-26 00:00:00,0.16909083268
515,2010-04-27 00:00:00,0.181243957219
516,2010-04-28 00:00:00,0.143600790777
517,2010-04-29 00:00:00,0.13758735267
518,2010-05-02 00:00:00,0.134329989116
519,2010-05-03 00:00:00,0.16363851852
520,2010-05-04 00:00:00,0.17961441276
521,2010-05-05 00:00:00,0.285377051382
522,2010-05-06 00:00:00,0.283670598859
523,2010-05-09 00:00:00,0.208903370457
524,2010-05-10 00:00:00,0.160350712452
525,2010-05-11 00:00:00,0.158611366427
526,2010-05-12 00:00:00,0.15804553899
527,2010-05-13 00:00:00,0.188517652444
528,2010-05-16 00:00:00,0.208283774019
529,2010-05-17 00:00:00,0.22508698346
530,2010-05-18 00:00:00,0.329041648445
531,2010-05-19 00:00:00,0.395097415143
532,2010-05-20 00:00:00,0.446233281724
533,2010-05-23 00:00:00,0.265124457897
534,2010-05-24 00:00:00,0.250275303219
535,2010-05-25 00:00:00,0.249618714478
536,2010-05-26 00:00:00,0.240920765391
537,2010-05-27 00:00:00,0.213984572217
538,2010-05-30 00:00:00,0.231543233163
539,2010-05-31 00:00:00,0.25149331318
540,2010-06-01 00:00:00,0.239601132768
541,2010-06-02 00:00:00,0.221705101497
542,2010-06-03 00:00:00,0.232059322447
543,2010-06-06 00:00:00,0.271394630285
544,2010-06-07 00:00:00,0.240160609191
545,2010-06-08 00:00:00,0.209943892223
546,2010-06-09 00:00:00,0.251818377557
547,2010-06-10 00:00:00,0.206168255785
548,2010-06-13 00:00:00,0.161461556589
549,2010-06-14 00:00:00,0.187966168656
550,2010-06-15 00:00:00,0.16952846665
551,2010-06-16 00:00:00,0.170255312565
552,2010-06-17 00:00:00,0.127370779538
553,2010-06-20 00:00:00,0.192829482748
554,2010-06-21 00:00:00,0.193938310631
555,2010-06-22 00:00:00,0.202409883617
556,2010-06-23 00:00:00,0.179927835726
557,2010-06-24 00:00:00,0.189994222433
558,2010-06-27 00:00:00,0.162738997288
559,2010-06-28 00:00:00,0.194263142189
560,2010-06-29 00:00:00,0.212171363008
561,2010-06-30 00:00:00,0.2093129519
562,2010-07-01 00:00:00,0.192941493533
563,2010-07-04 00:00:00,0.152128622727
564,2010-07-05 00:00:00,0.176749531566
565,2010-07-06 00:00:00,0.185778186481
566,2010-07-07 00:00:00,0.194465273021
567,2010-07-08 00:00:00,0.160397523728
568,2010-07-11 00:00:00,0.154527016893
569,2010-07-12 00:00:00,0.171278423947
570,2010-07-13 00:00:00,0.167507036441
571,2010-07-14 00:00:00,0.192544594267
572,2010-07-15 00:00:00,0.194872927606
573,2010-07-18 00:00:00,0.18296322443
574,2010-07-19 00:00:00,0.176171402471
575,2010-07-20 00:00:00,0.172608301304
576,2010-07-21 00:00:00,0.175443802292
577,2010-07-22 00:00:00,0.173067650874
578,2010-07-25 00:00:00,0.157903128435
579,2010-07-26 00:00:00,0.126404527692
580,2010-07-27 00:00:00,0.159953256512
581,2010-07-28 00:00:00,0.19935545609
582,2010-07-29 00:00:00,0.16855464408
583,2010-08-01 00:00:00,0.139338634829
584,2010-08-02 00:00:00,0.143025033627
585,2010-08-03 00:00:00,0.149964084724
586,2010-08-04 00:00:00,0.164907615225
587,2010-08-05 00:00:00,0.179006908111
588,2010-08-08 00:00:00,0.117871274952
589,2010-08-09 00:00:00,0.166892219157
590,2010-08-10 00:00:00,0.167395211168
591,2010-08-11 00:00:00,0.16477856003
592,2010-08-12 00:00:00,0.181671111286
593,2010-08-15 00:00:00,0.187573193085
594,2010-08-16 00:00:00,0.150874783723
595,2010-08-17 00:00:00,0.153971390165
596,2010-08-18 00:00:00,0.174892210212
597,2010-08-19 00:00:00,0.162476079888
598,2010-08-22 00:00:00,0.153434865774
599,2010-08-23 00:00:00,0.165791712394
600,2010-08-24 00:00:00,0.170208126977
601,2010-08-25 00:00:00,0.178958411039
602,2010-08-26 00:00:00,0.158964189214
603,2010-08-29 00:00:00,0.131777380144
604,2010-08-30 00:00:00,0.176446105528
605,2010-08-31 00:00:00,0.157874088463
606,2010-09-01 00:00:00,0.145697590167
607,2010-09-02 00:00:00,0.143378257897
608,2010-09-05 00:00:00,0.114802708585
609,2010-09-06 00:00:00,0.150194371542
610,2010-09-07 00:00:00,0.134440794648
611,2010-09-08 00:00:00,0.13941818639
612,2010-09-09 00:00:00,0.118348221521
613,2010-09-12 00:00:00,0.11159165088
614,2010-09-13 00:00:00,0.17201259004
615,2010-09-14 00:00:00,0.146328928806
616,2010-09-15 00:00:00,0.184510141337
617,2010-09-16 00:00:00,0.127031016388
618,2010-09-19 00:00:00,0.151873197575
619,2010-09-20 00:00:00,0.149791528808
620,2010-09-21 00:00:00,0.161774220095
621,2010-09-22 00:00:00,0.169574161423
622,2010-09-23 00:00:00,0.138915386218
623,2010-09-26 00:00:00,0.119761972625
624,2010-09-27 00:00:00,0.121125089013
625,2010-09-28 00:00:00,0.125283970483
626,2010-09-29 00:00:00,0.146436407151
627,2010-09-30 00:00:00,0.155492110185
628,2010-10-03 00:00:00,0.122511659216
629,2010-10-04 00:00:00,0.147715691878
630,2010-10-05 00:00:00,0.116522453841
631,2010-10-06 00:00:00,0.15394881762
632,2010-10-07 00:00:00,0.212714771557
633,2010-10-10 00:00:00,0.1244229145
634,2010-10-11 00:00:00,0.147750487283
635,2010-10-12 00:00:00,0.128927582583
636,2010-10-13 00:00:00,0.165699862609
637,2010-10-14 00:00:00,0.163645367748
638,2010-10-17 00:00:00,0.134082082383
639,2010-10-18 00:00:00,0.193904435451
640,2010-10-19 00:00:00,0.162695690884
641,2010-10-20 00:00:00,0.166292918443
642,2010-10-21 00:00:00,0.136120049531
643,2010-10-24 00:00:00,0.131275376567
644,2010-10-25 00:00:00,0.123726826008
645,2010-10-26 00:00:00,0.15573139849
646,2010-10-27 00:00:00,0.14343525189
647,2010-10-28 00:00:00,0.153114109678
648,2010-10-31 00:00:00,0.138047677559
649,2010-11-01 00:00:00,0.131039095347
650,2010-11-02 00:00:00,0.156260037619
651,2010-11-03 00:00:00,0.183632256746
652,2010-11-04 00:00:00,0.149290619884
653,2010-11-07 00:00:00,0.146204562215
654,2010-11-08 00:00:00,0.175901351723
655,2010-11-09 00:00:00,0.20917775242
656,2010-11-10 00:00:00,0.150912496147
657,2010-11-11 00:00:00,0.193745788081
658,2010-11-14 00:00:00,0.180815881475
659,2010-11-15 00:00:00,0.151976864357
660,2010-11-16 00:00:00,0.141300955721
661,2010-11-17 00:00:00,0.122943938937
662,2010-11-18 00:00:00,0.128670855859
663,2010-11-21 00:00:00,0.190115399268
664,2010-11-22 00:00:00,0.185681475829
665,2010-11-23 00:00:00,0.154178455843
666,2010-11-24 00:00:00,0.121609933156
667,2010-11-25 00:00:00,0.153715753787
668,2010-11-28 00:00:00,0.144161707181
669,2010-11-29 00:00:00,0.166363315136
670,2010-11-30 00:00:00,0.147017636752
671,2010-12-01 00:00:00,0.153657461508
672,2010-12-02 00:00:00,0.139853217709
673,2010-12-05 00:00:00,0.121360416789
674,2010-12-06 00:00:00,0.139041616487
675,2010-12-07 00:00:00,0.171031078109
676,2010-12-08 00:00:00,0.141367314531
677,2010-12-09 00:00:00,0.112075197649
678,2010-12-12 00:00:00,0.105859109847
679,2010-12-13 00:00:00,0.158394472651
680,2010-12-14 00:00:00,0.144449428791
681,2010-12-15 00:00:00,0.127602627285
682,2010-12-16 00:00:00,0.122286156036
683,2010-12-19 00:00:00,0.112656379509
684,2010-12-20 00:00:00,0.106030450462
685,2010-12-21 00:00:00,0.114380151128
686,2010-12-22 00:00:00,0.122391494723
687,2010-12-23 00:00:00,0.0889649837798
688,2010-12-26 00:00:00,0.108509650372
689,2010-12-27 00:00:00,0.135171754848
690,2010-12-28 00:00:00,0.129230300242
691,2010-12-29 00:00:00,0.12029438344
692,2010-12-30 00:00:00,0.149023556131
693,2011-01-02 00:00:00,0.103833776048
694,2011-01-03 00:00:00,0.144417441434
695,2011-01-04 00:00:00,0.154479936035
696,2011-01-05 00:00:00,0.118861045774
697,2011-01-06 00:00:00,0.140256876987
698,2011-01-09 00:00:00,0.129923716517
699,2011-01-10 00:00:00,0.141872144907
700,2011-01-11 00:00:00,0.132104646623
701,2011-01-12 00:00:00,0.131722176205
702,2011-01-13 00:00:00,0.133970101119
703,2011-01-16 00:00:00,0.109811654927
704,2011-01-17 00:00:00,0.123695245535
705,2011-01-18 00:00:00,0.125221790438
706,2011-01-19 00:00:00,0.16343081035
707,2011-01-20 00:00:00,0.179725956441
708,2011-01-23 00:00:00,0.117294571512
709,2011-01-24 00:00:00,0.131053700384
710,2011-01-25 00:00:00,0.149010577533
711,2011-01-26 00:00:00,0.142758443116
712,2011-01-27 00:00:00,0.130535265737
713,2011-01-30 00:00:00,0.123236851657
714,2011-01-31 00:00:00,0.129980902344
715,2011-02-01 00:00:00,0.102414663428
716,2011-02-02 00:00:00,0.159025200155
717,2011-02-03 00:00:00,0.130932022548
718,2011-02-06 00:00:00,0.0993752367833
719,2011-02-07 00:00:00,0.134568859246
720,2011-02-08 00:00:00,0.118649039811
721,2011-02-09 00:00:00,0.131292919437
722,2011-02-10 00:00:00,0.140259796919
723,2011-02-13 00:00:00,0.121299071361
724,2011-02-14 00:00:00,0.119620031527
725,2011-02-15 00:00:00,0.132393003134
726,2011-02-16 00:00:00,0.120072108689
727,2011-02-17 00:00:00,0.106954692699
728,2011-02-20 00:00:00,0.0946316964256
729,2011-02-21 00:00:00,0.181386805737
730,2011-02-22 00:00:00,0.174666152608
731,2011-02-23 00:00:00,0.150262573256
732,2011-02-24 00:00:00,0.129925342364
733,2011-02-27 00:00:00,0.131722886303
734,2011-02-28 00:00:00,0.112563766626
735,2011-03-01 00:00:00,0.150933393195
736,2011-03-02 00:00:00,0.114527749021
737,2011-03-03 00:00:00,0.126118357134
738,2011-03-06 00:00:00,0.118846373004
739,2011-03-07 00:00:00,0.107022547514
740,2011-03-08 00:00:00,0.114815347178
741,2011-03-09 00:00:00,0.115093093742
742,2011-03-10 00:00:00,0.133736444734
743,2011-03-13 00:00:00,0.139725497771
744,2011-03-14 00:00:00,0.195424552246
745,2011-03-15 00:00:00,0.17393542047
746,2011-03-16 00:00:00,0.280602457901
747,2011-03-17 00:00:00,0.192881376919
748,2011-03-20 00:00:00,0.109778263393
749,2011-03-21 00:00:00,0.115636819933
750,2011-03-22 00:00:00,0.123164901068
751,2011-03-23 00:00:00,0.121749765013
752,2011-03-24 00:00:00,0.112418194419
753,2011-03-27 00:00:00,0.114415019226
754,2011-03-28 00:00:00,0.107426513302
755,2011-03-29 00:00:00,0.113303095179
756,2011-03-30 00:00:00,0.105077355769
757,2011-03-31 00:00:00,0.122097282011
758,2011-04-03 00:00:00,0.0990442623671
759,2011-04-04 00:00:00,0.116833333085
760,2011-04-05 00:00:00,0.125591310976
761,2011-04-06 00:00:00,0.142532729927
762,2011-04-07 00:00:00,0.118105774081
763,2011-04-10 00:00:00,0.110575418933
764,2011-04-11 00:00:00,0.159731955378
765,2011-04-12 00:00:00,0.140226936693
766,2011-04-13 00:00:00,0.14271501343
767,2011-04-14 00:00:00,0.121976254055
768,2011-04-17 00:00:00,0.16369099482
769,2011-04-18 00:00:00,0.141573908134
770,2011-04-19 00:00:00,0.144532567225
771,2011-04-20 00:00:00,0.135088578132
772,2011-04-21 00:00:00,0.0795557605984
773,2011-04-24 00:00:00,0.100669341405
774,2011-04-25 00:00:00,0.10616586201
775,2011-04-26 00:00:00,0.135396668643
776,2011-04-27 00:00:00,0.151003341611
777,2011-04-28 00:00:00,0.116174999696
778,2011-05-01 00:00:00,0.148155246349
779,2011-05-02 00:00:00,0.158302466405
780,2011-05-03 00:00:00,0.160522075628
781,2011-05-04 00:00:00,0.166427268145
782,2011-05-05 00:00:00,0.220919874811
783,2011-05-08 00:00:00,0.135600112583
784,2011-05-09 00:00:00,0.148540544676
785,2011-05-10 00:00:00,0.137963970241
786,2011-05-11 00:00:00,0.164194813653
787,2011-05-12 00:00:00,0.148986586154
788,2011-05-15 00:00:00,0.178141151746
789,2011-05-16 00:00:00,0.164203858369
790,2011-05-17 00:00:00,0.150850746354
791,2011-05-18 00:00:00,0.131773572709
792,2011-05-19 00:00:00,0.126206716755
793,2011-05-22 00:00:00,0.131910267459
794,2011-05-23 00:00:00,0.140136073998
795,2011-05-24 00:00:00,0.152268948494
796,2011-05-25 00:00:00,0.145783215113
797,2011-05-26 00:00:00,0.147426507541
798,2011-05-29 00:00:00,0.105034257956
799,2011-05-30 00:00:00,0.118476304143
800,2011-05-31 00:00:00,0.143007834412
801,2011-06-01 00:00:00,0.149569881471
802,2011-06-02 00:00:00,0.153704719828
803,2011-06-05 00:00:00,0.114192617309
804,2011-06-06 00:00:00,0.11515316307
805,2011-06-07 00:00:00,0.135255441862
806,2011-06-08 00:00:00,0.152011854508
807,2011-06-09 00:00:00,0.134291894732
808,2011-06-12 00:00:00,0.155439495656
809,2011-06-13 00:00:00,0.129744723673
810,2011-06-14 00:00:00,0.144728584621
811,2011-06-15 00:00:00,0.157201063552
812,2011-06-16 00:00:00,0.154212692135
813,2011-06-19 00:00:00,0.139099758523
814,2011-06-20 00:00:00,0.124900066936
815,2011-06-21 00:00:00,0.123637776507
816,2011-06-22 00:00:00,0.156459770118
817,2011-06-23 00:00:00,0.120056008547
818,2011-06-26 00:00:00,0.143216677732
819,2011-06-27 00:00:00,0.121124659963
820,2011-06-28 00:00:00,0.12848463756
821,2011-06-29 00:00:00,0.12657014056
822,2011-06-30 00:00:00,0.108226096192
823,2011-07-03 00:00:00,0.0942407230497
824,2011-07-04 00:00:00,0.129737772237
825,2011-07-05 00:00:00,0.11589192476
826,2011-07-06 00:00:00,0.102788813088
827,2011-07-07 00:00:00,0.125407919407
828,2011-07-10 00:00:00,0.132217463139
829,2011-07-11 00:00:00,0.194252236745
830,2011-07-12 00:00:00,0.17639863202
831,2011-07-13 00:00:00,0.201311173438
832,2011-07-14 00:00:00,0.129596675545
833,2011-07-17 00:00:00,0.136089888689
834,2011-07-18 00:00:00,0.11792705619
835,2011-07-19 00:00:00,0.0997766741917
836,2011-07-20 00:00:00,0.119307409752
837,2011-07-21 00:00:00,0.114001986154
838,2011-07-24 00:00:00,0.114371228906
839,2011-07-25 00:00:00,0.118396121248
840,2011-07-26 00:00:00,0.132479953754
841,2011-07-27 00:00:00,0.138329208834
842,2011-07-28 00:00:00,0.142080352833
843,2011-07-31 00:00:00,0.132476882985
844,2011-08-01 00:00:00,0.149203993379
845,2011-08-02 00:00:00,0.165139391038
846,2011-08-03 00:00:00,0.204842759134
847,2011-08-04 00:00:00,0.250922167135
848,2011-08-07 00:00:00,0.283579846551
849,2011-08-08 00:00:00,0.450815133269
850,2011-08-09 00:00:00,0.272492830091
851,2011-08-10 00:00:00,0.315868884808
852,2011-08-11 00:00:00,0.198353202334
853,2011-08-14 00:00:00,0.143351572203
854,2011-08-15 00:00:00,0.18214222299
855,2011-08-16 00:00:00,0.159685512859
856,2011-08-17 00:00:00,0.182308714128
857,2011-08-18 00:00:00,0.181263418177
858,2011-08-21 00:00:00,0.1509420509
859,2011-08-22 00:00:00,0.163173749224
860,2011-08-23 00:00:00,0.151998083239
861,2011-08-24 00:00:00,0.141504986029
862,2011-08-25 00:00:00,0.134801031262
863,2011-08-28 00:00:00,0.119081447513
864,2011-08-29 00:00:00,0.130874904072
865,2011-08-30 00:00:00,0.132597856035
866,2011-08-31 00:00:00,0.130934028676
867,2011-09-01 00:00:00,0.152903785634
868,2011-09-04 00:00:00,0.149831492881
869,2011-09-05 00:00:00,0.182295323274
870,2011-09-06 00:00:00,0.13568208045
871,2011-09-07 00:00:00,0.141096480227
872,2011-09-08 00:00:00,0.162848513656
873,2011-09-11 00:00:00,0.194441619292
874,2011-09-12 00:00:00,0.169026800488
875,2011-09-13 00:00:00,0.208913857941
876,2011-09-14 00:00:00,0.203764982505
877,2011-09-15 00:00:00,0.150401962582
878,2011-09-18 00:00:00,0.179301654499
879,2011-09-19 00:00:00,0.185222957905
880,2011-09-20 00:00:00,0.188306591995
881,2011-09-21 00:00:00,0.334954321615
882,2011-09-22 00:00:00,0.281304658393
883,2011-09-25 00:00:00,0.264728340278
884,2011-09-26 00:00:00,0.216497975662
885,2011-09-27 00:00:00,0.199280278597
886,2011-09-28 00:00:00,0.247860519935
887,2011-09-29 00:00:00,0.220239471429
888,2011-10-02 00:00:00,0.236428187164
889,2011-10-03 00:00:00,0.25829985276
890,2011-10-04 00:00:00,0.244584211798
891,2011-10-05 00:00:00,0.241092448737
892,2011-10-06 00:00:00,0.212793146315
893,2011-10-09 00:00:00,0.160393032611
894,2011-10-10 00:00:00,0.160306728078
895,2011-10-11 00:00:00,0.168591984268
896,2011-10-12 00:00:00,0.173620329219
897,2011-10-13 00:00:00,0.164449281803
898,2011-10-16 00:00:00,0.161121648523
899,2011-10-17 00:00:00,0.200589691502
900,2011-10-18 00:00:00,0.152974140557
901,2011-10-19 00:00:00,0.188017927921
902,2011-10-20 00:00:00,0.163055113147
903,2011-10-23 00:00:00,0.146027497992
904,2011-10-24 00:00:00,0.179317093791
905,2011-10-25 00:00:00,0.151601262511
906,2011-10-26 00:00:00,0.183376085884
907,2011-10-27 00:00:00,0.139383023272
908,2011-10-30 00:00:00,0.158886659447
909,2011-10-31 00:00:00,0.223836131039
